,th1,th2,th3,gamma,C_plus
0,2.0376355693807664,2.365389577900677,-3.2250080354451907,1.059219500594239,1.6786260818835226e-16
1,-4.033633299111012,6.200347369381493,-0.3740290443492569,0.8897940625405956,1.5129721922239646e-16
2,5.690636456013085,-3.894720616541327,-3.2837295417701333,0.7652857273597882,-4.0
3,-1.8435871726471422,2.413693518792977,4.128132708855384,1.3426579009673327,-2.0320210464905801e-16
4,2.400456762899882,-4.867482734310454,-3.843045201798445,1.617141624875764,1.236882376124701e-16
5,-4.7371966086767845,1.0065790339546261,5.987342750410489,1.8071957427840086,-2.1203697876423444e-16
6,-2.2820537083841685,-0.7359799518800285,5.846795410115346,1.116699442015808,-7.067899292141149e-17
7,2.895276594166818,0.8851420351411612,0.38579138485197806,1.827572085967181,-1.501928599579994e-16
8,-3.2208097474906574,6.081594319708547,-4.2466596893566795,0.5001989988126834,-1.766974823035287e-17
9,-6.072804748189824,-5.567049073684005,-1.38975967642335,0.33848532813525445,1.0601848938211722e-16
10,3.3120570716006927,5.019871299859192,-5.728225895271701,1.3779272399253462,7.067899292141149e-17
11,2.9466741098524647,1.388891651507679,5.8818182675996,0.0642142904267522,3.3130777931911632e-18
12,5.46780589903514,-0.19081677626385218,3.128157022432788,1.3803250290122195,-2.888891674174904e-16
13,-4.983109113396218,-6.255630611038049,4.025732651377405,0.3245116648454174,5.604623266815052e-17
14,5.487979195197088,3.280417018773411,0.7159853165307002,0.5160442088447115,1.4135798584282297e-16
15,-5.525288253087702,3.882733639996399,-2.032143236133603,0.9434882998608558,4.0
16,-5.9611217486575905,-3.7806356146427924,-4.737330186301725,0.7696874583957833,0.0
17,4.503181162488323,5.116063690066843,3.564474999350848,0.8118668358098344,4.0
18,5.010695494350633,5.600601619817397,1.3726520738260621,1.0866167991507512,4.0
19,-3.3694567311732144,-2.827911095552977,5.598389735021435,0.6175688221019258,1.0601848938211722e-16
20,-0.13331646111217132,3.6700238066000104,-2.907295511127614,0.6243044593362379,3.533949646070574e-17
21,6.145859403390057,3.2320909074747455,-1.4238892354709574,0.18609072265973126,1.4135798584282297e-16
22,-0.9901226088938326,4.24021643272312,-1.0635270510744261,0.5089835650926755,4.0
23,-0.2914733475492133,5.087752004216689,-5.476511959235404,0.4479213852827857,7.067899292141149e-17
24,5.455317483048034,5.661990496346647,5.013495543222804,0.2589955207667929,4.000000000000001
25,4.10319318841862,3.6037393926401613,-1.3614507108619414,1.1164675539777156,1.9436723053388158e-16
26,2.4385794261072977,1.5508998915508974,1.1561468484732398,0.6097485093601582,-4.0
27,4.717725848398123,-1.5267030134506099,-4.989226741012934,1.0868054154543625,4.0
28,-3.334082180248204,-3.553630401793699,0.4621909583836983,0.768800328685141,-4.0
29,3.386928989506389,-5.6502728837106515,2.3611086027715036,0.8006665986863224,4.0
30,6.225633075943886,1.2823085387689606,6.140387841269913,0.5320835634914647,-8.834874115176436e-18
31,-5.748360238140289,-2.9244791595695907,4.98285109812524,1.0743428803887483,1.4135798584282297e-16
32,-5.218873694073103,0.7523234956340019,-5.508722436974433,1.7673153563354942,-2.473764752249402e-16
33,3.2684383429576815,0.9445375152127102,-1.9234740938766581,1.6926019444468379,-4.1965652047088067e-16
34,5.836204388002729,3.8215456356628756,2.3766219823207724,0.24363451589082463,4.0
35,6.0166196800508835,4.122878178157928,5.500027091234756,1.408587213047534,3.5339496460705744e-16
36,6.21655573636459,-3.2955608656441684,3.8999962145601845,0.8299886425009619,-1.4135798584282297e-16
37,-2.4731626178042823,1.635246237049242,-4.0818725573450685,1.2422934021505945,1.7669748230352872e-16
38,4.421862799031745,0.898457047607006,0.5794704347761988,0.4363952684275825,-2.473764752249402e-16
39,2.1513414437121714,4.3297450557594335,5.452518072908518,0.08917742325463429,4.0
40,-2.765375870349113,-2.360605958983489,-0.12298666662542601,1.7120011240278648,2.6504622345529306e-17
41,-2.2026825806486956,-2.8739313416721473,0.5286968215798407,0.5172671620200371,-7.067899292141149e-17
42,-0.1835015109281608,-5.7516507710761005,4.000595076874772,1.445382013123965,5.742668174864683e-17
43,-2.4311501072836474,1.2890006391999247,-4.349393385669265,1.9337214354736878,-2.8271597168564594e-16
44,4.961249907193816,-4.2002838740210695,1.5052916889656762,0.7611253672959455,4.0
45,5.134977406144692,3.6207858075031236,1.9547169238282454,1.1247056827233084,-2.1203697876423444e-16
46,0.08846244643334256,-3.3258464694258727,-1.393211424257533,1.254555064657933,-2.1203697876423444e-16
47,5.572134161453954,-0.9168532284615294,-4.57840551108063,1.8705410333877586,4.0
48,-1.0605537190586922,-5.69044484254223,-3.7705945650735067,1.6973058825746665,4.000000000000001
49,4.195870392578495,2.180681753708104,-3.8402593905428364,1.1372058819657305,-1.9436723053388158e-16
50,-0.15417352653650696,3.2390857882921438,-0.9511556602085243,1.1090630873906835,2.1203697876423444e-16
51,-1.367033648695469,2.4329587043343306,3.3205696254851276,0.5259799514340504,-3.533949646070574e-17
52,2.697988409452055,1.4788041155601048,3.2255101158721793,0.7406750214895987,-1.987846675914698e-17
53,-5.736688870903881,5.268449353690778,5.015827444703797,0.9201716948327261,-4.000000000000001
54,-4.244538248102179,-3.4429371433265095,-1.7810611923207649,1.139908925214973,-2.1203697876423444e-16
55,1.3940404134435802,-1.9425821734236202,2.4788419466032625,1.2467311096119198,2.6504622345529306e-17
56,-5.815650735149757,3.296679739849809,-2.9003704483550248,0.8750559859911715,7.067899292141149e-17
57,-1.4778509653666152,0.25302937190935104,-3.1478922173797903,1.1132335358899936,-2.0982826023544033e-17
58,1.3854853987529179,-3.313604732515716,-0.8526200471764787,1.0784462402948234,-7.067899292141149e-17
59,3.2674289799051657,2.9957395846637116,-3.6785084946322217,1.5814765979562482,-6.736591512822032e-17
60,-6.256832716966446,3.0221007987056687,2.7128514457795756,1.6244762411058233,-8.481479150569378e-16
61,-3.2586327012693106,-1.8933591074979814,-5.0396121212368,1.3971135962675316,0.0
62,-0.1980095929402923,-5.670615109207222,-0.35028768379854824,1.5200730370930016,4.000000000000001
63,0.782599760768119,-1.8101649285252508,-5.286981302039856,0.6888544412835176,4.0
64,5.251304654280254,4.766955116568171,2.7203036362245125,0.4456334883168138,1.4135798584282297e-16
65,-1.0261429947012655,-0.794398546523003,-5.173382831963403,0.4520600955636165,-4.0
66,4.731165051397483,0.1403465243611235,5.130071514697626,0.5669481444600273,-3.533949646070574e-17
67,3.6349339233748825,-3.431295783827861,-3.5243148458485636,1.3860950005265202,-1.5461029701558764e-17
68,3.738405019303226,1.5630922781485683,1.7352215894796146,0.49884825150810297,-4.0
69,3.6741928820124468,-3.90885673695421,2.7904040899243743,1.5968183027432914,-3.975693351829396e-17
70,0.8816560695546469,4.0156516653064,5.441309222458656,0.10112150079598692,-7.067899292141149e-17
71,-2.5388510736898366,2.593696333966422,3.56542490047293,0.24542727191274327,1.8221927862551398e-17
72,5.89139145088212,-0.7511671044509072,4.527516294388647,1.0071534340450408,-1.9436723053388158e-16
73,-1.7629593857199817,-5.024801807725147,-0.19992773416963416,1.712853959204067,-7.067899292141149e-17
74,3.879672476893843,-1.8711173846762517,-0.1392064904305199,0.5382568591277259,2.8271597168564594e-16
75,3.89951996853606,-5.847636341987667,1.9225243263371077,1.8786671301869593,2.297067269945873e-16
76,3.0023617685295942,-1.2840207319866117,3.5042052892513276,0.5870344723160736,-1.8994979347629337e-16
77,-3.032619297621617,2.5715489668429203,-1.4717160268013165,0.8068874398191066,4.638308910467629e-17
78,3.5670498779415265,1.3983106750595828,-1.8773998536756773,0.7842466728791384,4.0
79,-5.909369588969286,4.993825910117907,3.275186458091669,0.06191141603486128,8.144649574928277e-18
80,-3.65676985635452,0.36361178038588715,2.2315710593261944,1.4153344404074228,-5.300924469105862e-16
81,6.2420605946241725,3.53245729261773,0.15168728249060415,0.24651448540168164,1.6786260818835226e-16
82,0.9074694689617138,4.229087190111144,-0.476816927853724,0.28119679216268456,7.067899292141149e-17
83,5.831039748954218,0.46314235742551535,3.4742719572861542,0.37148009537227744,4.969616689786745e-17
84,2.0742155137417395,-1.1360973159059045,-0.1796865117271258,1.1482417154314264,2.8271597168564594e-16
85,5.0514631059934345,2.2380732288389744,-4.019353328750411,0.3369138293951075,4.0
86,4.715552253153058,5.120039371298631,-5.720797934785197,1.8440212165475294,-7.067899292141149e-17
87,3.037393934935521,0.8448629300117805,1.1665717476506101,1.1357789224195778,-2.3854160110976374e-16
88,-4.96684289794629,5.536308404569347,3.054740631812672,0.9841004900451094,-2.23080571408205e-16
89,2.2767526866164314,0.04907330174364688,5.5896521496106715,1.1230564664235578,-3.423513719630869e-17
90,5.68510562781665,2.2879849479425616,3.8610410904995014,0.5012291763234709,-4.0
91,-5.905391768075334,-0.9106284437457086,3.950884903613442,0.596982078935689,-3.975693351829396e-17
92,4.629627530605974,-2.6252217808032716,5.139725353663366,0.7731324437531022,-4.0
93,5.65724646057113,-0.8846766701017277,-3.157015937765199,0.5799357397105638,8.295204802769906e-17
94,-4.924062510563953,1.7195486340568031,3.02234183700236,1.8661375637013267,-1.1485336349729365e-16
95,-6.0718255142547335,-5.429888328519553,2.451772755968168,1.705608510313931,-7.951386703658792e-17
96,5.773624985617991,-0.24361315858172006,1.088595821504052,1.9136268232546045,-1.4135798584282297e-16
97,-2.0105030688744723,5.775776599434618,-6.090019337318256,1.2588951220789224,-1.766974823035287e-17
98,-0.31053551907792265,2.9961183807858376,-5.156774184873875,0.24442954080333212,-7.067899292141149e-17
99,-3.127793924954658,-1.2031654094901363,-3.7429883752469464,0.7257872407311459,1.1043592643970544e-16
100,-1.2735904223435686,-1.433302254467054,4.348758350190813,0.6583344443582582,4.000000000000001
101,2.099114209642913,-4.817862753686514,5.527385287636388,0.37074542098895447,4.0
102,6.242724834756448,-6.2792601925823925,-1.2322863262445702,1.299419831114885,-2.5814397805281147e-17
103,-1.2235487959917464,0.5198775132844293,-3.9352633917292814,1.5213391704256072,-4.0
104,-1.1017070983612163,-3.4903112087014776,-0.5658149615094397,0.5343047118243189,2.1203697876423444e-16
105,0.8448716285751878,6.20083627269468,3.4708220305397575,0.5334118985837131,1.9768030832707274e-16
106,0.6852062535029306,2.2893552457352992,-2.455109474625424,0.7952172448430876,4.0
107,1.6648768593034928,-5.40696062862228,4.4609290511808215,1.123966886687881,4.0
108,2.331794082129157,-0.32710792040333114,-1.7103132593206878,1.8597960017872321,-3.3572521637670453e-16
109,2.3732597257067027,5.9501889631757585,-4.502891709292362,1.4990388461465787,7.067899292141149e-17
110,1.692375317004224,-1.7355727295613006,-3.8700630599240298,0.16849732585957877,4.0
111,6.197082368854549,1.4819877452501284,2.4238261572541706,0.5122295924480937,1.1485336349729365e-16
112,-2.150973134521565,-1.5573646547386568,0.29043737055873375,1.503224458325061,7.067899292141149e-17
113,0.06418961289066871,0.6221937187163,-0.4308512146440764,1.5609747129834592,0.0
114,2.0402510245690024,2.9082875507261825,-2.780458793178171,1.663366910757617,-2.208718528794109e-17
115,-2.3338389025966473,1.8578143144374,-3.6155295037037267,1.9990797448829911,5.742668174864683e-17
116,-1.2939077388306544,1.957722929389897,-4.515073049385878,0.06880854069169406,-4.0
117,-3.0962281590368157,0.6078027757931403,-2.8892563919247825,1.8839856985524912,1.3252311172764654e-16
118,-3.5122309849890088,2.7607498318872015,-6.206324791366313,0.15798689490878548,-4.0
119,-4.600943860582143,2.9234287578410463,3.997815051238618,0.11761391126497656,1.0601848938211722e-16
120,-5.349492625339831,-0.5985234209566617,4.655942223451575,1.5658004259257003,4.0
121,-1.396251962419349,5.976066018320283,2.671380945992958,0.3916878817747691,9.497489673814668e-17
122,2.271284298698607,1.7921226566028103,-5.444880736433805,1.0554605823354997,4.0
123,-4.8336253727919285,-5.888536342228804,1.6662616428112962,0.439352532762217,-4.0
124,1.6869229099900664,-5.200477787989902,-2.543115296591657,0.7290064600458181,-4.0
125,2.1863018688421842,5.687755559063005,2.1452357935572444,1.1834131553014084,4.0
126,1.0293393105438993,-3.777007751206633,4.622558016296656,1.4842534413354396,4.0
127,-0.8084553866130308,-4.554955305611541,-5.0628655684918735,1.6701998843913233,4.0
128,2.3967380183512805,0.9884176319387885,-2.78104314845597,0.33745003239166627,4.000000000000001
129,-1.513172777363776,3.7537500533169013,-0.18965179358828976,1.5965398348837074,4.0
130,-0.459475440756675,-2.5574234512580034,-5.879708712775226,1.4050112453463584,0.0
131,1.3319471157924765,0.8683091784076193,-2.6561236009153006,0.15866760469729435,1.4135798584282297e-16
132,-4.38566530784308,4.012233100488876,-1.6867192039780763,1.2519109136833546,-3.533949646070574e-17
133,-4.06058621016825,4.509162576236289,4.0195674250145075,1.0379606756892437,1.501928599579994e-16
134,1.3020357962271563,-4.988314789917284,-0.3138005184479393,1.2620627363173775,0.0
135,-5.063750345827952,-5.579682817199188,3.22024783422731,1.5244235387349623,-4.417437057588218e-18
136,-1.8884668596865666,3.145993384735174,1.2821927244752072,0.2506913271418756,0.0
137,-1.7809920375872128,-2.6673409938418806,2.3752488327054877,1.338551124486727,-7.067899292141149e-17
138,0.9505767104330793,-2.9706967778204594,-1.3162501412577923,1.1319521883952692,2.1203697876423444e-16
139,3.5019531910263186,5.2387681564859605,-3.6964297578492555,0.47734614443544365,-3.0922059403117524e-16
140,3.73080770405706,4.521441617244527,-5.910127357068736,0.6420907475661302,-2.8271597168564594e-16
141,-5.628019498129203,0.23679847001663212,3.296611952097143,0.32616966079605936,4.762549327712297e-18
142,-5.7891364968760435,2.7031715348352723,-0.14326571435766056,0.6653523707642772,0.0
143,-5.629147970205189,3.1761954304863895,2.0102097891165336,0.3746215045731045,0.0
144,1.5149451975665587,1.4619616392090684,3.324933014824305,1.809541431422318,-1.9436723053388158e-16
145,3.9394506631152133,4.3749297355943995,2.7494932538612122,1.945711009344597,-1.5681901554438173e-16
146,-4.086438045478356,4.732835781876863,1.439193769137069,1.54008543206301,-4.0
147,-5.274811377480949,-0.978019743399595,4.311015005887297,0.2859779182052171,4.000000000000001
148,-2.0494488224774443,-4.035062306517495,-3.5982429583649598,0.5439224450823064,-2.1203697876423444e-16
149,1.482717510254079,-5.654452681311746,-5.656929499071702,0.491005762623808,-2.650462234552931e-16
150,5.172572258702868,4.7978957650397405,6.248153428964329,0.7254138424334662,0.0
151,1.2169515407689788,3.3736037882277508,3.984358731120894,1.2187879294165413,-1.236882376124701e-16
152,-5.563119036739691,5.022995418131178,-1.8364676675526876,0.1595643577721817,4.0
153,5.405772122577334,3.0183004231619144,-1.8511367040164242,1.5960230693650628,3.533949646070574e-17
154,3.870143086647854,0.2223443267426175,-3.971096661084871,0.30413472537962405,3.9999999999999996
155,-6.036333477714376,1.4377726555888062,0.4495560312019826,0.8329310551199545,3.1805546814635167e-16
156,-3.793912659713838,-2.661243657245727,-0.061653450641967034,1.929949565446388,-2.6504622345529306e-17
157,4.573829648981603,1.997216316790185,-0.9496354191721217,1.7432799130581966,4.0
158,2.784769425181997,3.1996303239148407,-2.6405592087062835,0.15665840531282615,6.073975954183799e-17
159,5.011089449381425,4.98329398409877,-3.840277068982553,0.17202950418664464,-4.000000000000001
160,3.6670947438785415,-6.246247741886064,-3.0908071514381468,1.7853208721526919,-7.067899292141149e-17
161,-5.482524101165787,0.3501682054263302,4.375226986149917,1.2832704207890226,1.766974823035287e-17
162,-5.967787532332057,-3.4352259831726584,-4.047890117689643,0.19222034549817657,0.0
163,0.9808896692581346,1.9302792519205045,-1.22671011799111,1.4521984097705536,4.0
164,4.368809058477375,2.10859342134008,0.43358980522625234,0.6335913460377327,-4.0
165,5.349583822834328,-3.086456505214675,-0.1353878866054039,1.6810982349472432,-7.067899292141149e-17
166,5.264803986039194,5.642946697341152,0.922056339660628,0.914094096499334,4.0
167,3.4321063650097567,0.46648634475487416,3.6070356199794755,1.808430226564073,-4.0
168,-0.6117248946829577,-2.865855327427571,-5.295572695971659,0.17029470607116837,4.947529504498804e-16
169,2.1267797270629476,3.655870368012973,-5.687571047060662,0.6654655862010905,-4.0
170,2.0898617146971734,4.165231006696699,0.025188231174079867,0.517571526073729,2.8271597168564594e-16
171,-2.3162714833692344,2.4613108674065973,3.883783564289038,1.6329484681557433,-9.055745968055847e-17
172,0.30808203186083727,-0.7113622337816095,0.5620665388043831,1.0663824855042487,-4.0
173,-4.6538853651708925,5.767536561647546,4.8444185751677615,1.676129366567338,-1.236882376124701e-16
174,3.317038946958503,2.8070250866218647,5.924507767657259,1.4915638496555492,-4.0
175,1.7313214854569647,-5.056531798585429,-4.423940907477334,1.9143573575664836,-4.0
176,5.189713483667084,5.635023513774284,-0.0027320824272569766,1.9500315715233445,-1.0601848938211722e-16
177,-5.579346683567314,-4.323297055479723,5.337392312722621,0.5646851109005788,1.7669748230352872e-16
178,-0.5927777646061569,-4.304650512134794,2.000683764672054,1.692368899198506,-4.000000000000001
179,4.8303314844876795,-6.215933599154921,5.360632093806478,0.419901913525369,2.1645441582182266e-16
180,2.644163748077478,-2.5045309654247787,-5.825468221678493,1.4105508198333858,4.0
181,-6.251136149910146,4.564631278187527,1.6544757541529425,1.9990026517041903,-3.9999999999999987
182,0.4796278088051418,6.073072347742219,-1.7516700571346338,1.3917455616065149,-1.4135798584282297e-16
183,-2.325063857494269,2.2775092419245464,-4.768393617241008,0.540223422490991,-4.0
184,3.3260737878757585,3.429167396138805,4.691297863869755,0.8668911757415356,-2.473764752249402e-16
185,0.8741421065059214,-5.252005584572632,-2.3474962741167382,0.025392326050146075,5.300924469105861e-17
186,-3.2099347375921004,0.6072839983785014,2.1845876008509677,1.79104390298152,-1.5902773407317583e-16
187,-0.41331193531046573,4.751187891317322,-5.39359628715643,1.0995651202365495,1.4135798584282297e-16
188,6.032671302974464,-3.5380964762892626,-0.05482841673831107,1.1410451516157785,1.5902773407317583e-16
189,3.4349590295545767,4.323251801215509,-5.022546608389025,0.6886558894974941,-4.000000000000001
190,0.5335379323340961,-3.944188103342337,4.647746609019327,0.042488209442303804,7.067899292141149e-17
191,-2.776509678385702,-2.7155914243942276,-2.0495901347820915,0.08661093721657731,-1.9436723053388158e-16
192,1.58630060312196,2.5565085325089765,3.0796726841323263,0.39678065357906744,-4.251783167928659e-17
193,6.129613148223843,0.6564743030762923,2.515998498156339,1.8473932038251308,-2.319154455233814e-16
194,-2.803752740794639,-0.778344333651269,4.8201553691168115,1.4049476654012554,-1.9436723053388158e-16
195,3.8589325726441093,2.1453083829728623,4.117223521861304,0.7331434103262113,2.473764752249402e-16
196,4.3046690229637345,-2.124944496861769,-3.0208339308869028,1.166918568016742,-9.718361526694079e-17
197,-1.1348232575313713,1.125059879403409,-4.885052006533181,0.1496676733094402,-4.0
198,-5.6492641035273365,-0.8554087860825899,1.6859527216676806,1.8010210585796929,4.000000000000001
199,5.540410657123912,2.1523846631891477,-4.868170975971115,1.6409380067939154,4.0
200,-1.9094754709291273,-2.4504256864355147,-0.41263536057978456,1.0756639477691319,-4.0
201,-1.7473155522795656,1.8911182721716617,3.750925222658621,1.5814482698373071,7.067899292141149e-17
202,2.3699054093173473,-1.9201384530173344,-5.4472350374798415,1.512344028783677,-1.7669748230352872e-16
203,1.8863078849804893,-3.7327606055688216,5.052249282313017,1.4187124299533163,-3.5339496460705744e-16
204,-0.04845481538297225,0.8654355305633725,5.842014681012776,1.8708830932558842,-2.1203697876423444e-16
205,0.21863415265970687,4.980152138603353,0.2629008391926506,1.6063419182524468,0.0
206,-1.754932102259696,-4.18814887217979,-5.501080775459503,1.8207480041878237,4.0
207,-0.48720973652785915,1.6863708350468656,2.380935568914767,1.975923524589104,4.0
208,6.262222315270979,1.940932860267628,-1.8811418329194227,1.177354666786668,0.0
209,-3.974367980430563,-5.613724196082835,-2.1260531740609316,0.1793293431944154,4.000000000000001
210,-4.222767428991627,-5.323395696239725,-3.7339235226649685,1.885023086334104,3.8873446106776316e-16
211,-0.9631859072036191,-0.6333626262766829,-1.290895038973611,1.770186125911612,0.0
212,-5.758373654871131,0.030807925139697545,-4.596867788587427,1.3976924889955777,-3.533949646070574e-17
213,1.7953709824005397,-2.9578964282584033,-1.0864875721976333,0.6613575278631652,4.0
214,1.1742191734205978,-5.399534023989904,-4.782869505352229,0.6234276452074143,-4.0
215,3.4720986880260636,4.090317302757098,0.35864345303076206,0.9705126461386109,1.766974823035287e-17
216,-3.035843767415825,1.0509928232691328,0.6077488825041542,0.14766911277762285,-1.766974823035287e-17
217,0.1236723187257498,-1.3588871159140172,-4.8675462254116635,0.9898429144036933,4.0
218,-2.5473699859981473,4.737152793955698,-5.639196970983104,1.7567043291255369,-3.533949646070574e-17
219,-1.8198011926927098,3.045775754726055,-3.5469849726920386,1.4308175982224072,2.208718528794109e-17
220,3.400151935663702,3.212069724575578,0.9482111925984782,0.7625555654729992,1.5902773407317583e-16
221,-2.187632361912395,-0.4774523344004873,-4.877299429241856,1.7997867928656512,2.297067269945873e-16
222,-3.2904345943658315,-2.075989193497482,2.9405474760445944,1.785548639997775,-2.5400263081132252e-17
223,2.134468213472301,-1.594410141952916,-1.2941737721308169,0.8689406456487672,4.0
224,4.201095113187375,-0.6747923817515922,0.2185628850981738,1.3069070541727252,0.0
225,0.6409608264954167,3.04524794753873,5.77424983761696,0.9807838570157756,3.533949646070574e-17
226,3.240888157498029,2.4734553759263296,-5.186129341506048,1.9045128769698334,4.417437057588218e-17
227,-4.618533228583264,1.7482510257383144,3.8192928482001918,1.3438495031057833,1.766974823035287e-17
228,0.2160604959006065,-4.254524714881445,-3.792685442285045,1.3825559885983916,3.533949646070574e-17
229,6.013111308862918,-3.045969394621379,-3.764591110510842,0.020743467291997053,2.8271597168564594e-16
230,4.2970362198690975,-2.9283459337582682,4.676588103771099,0.2808722646766275,2.650462234552931e-16
231,-5.356175533938575,-5.324306641454679,-0.08278529652823252,0.4584756377034025,4.0
232,5.4268165377572455,-0.44802131213428087,4.389482123012009,0.9547311211503355,-1.0601848938211722e-16
233,-2.149093928535841,-2.4975447060281915,-0.6107054668118739,1.2696816998301605,-4.0
234,-3.7373932110109798,1.221881429372642,-4.9166393878519035,0.006637961504278422,-4.0
235,-2.4264021802880116,1.3331010382833846,-1.3459578849332603,0.7854474292723748,-4.0
236,-4.782730947093587,-4.91397085080235,5.8695520481225945,1.8421724761722422,-4.947529504498804e-16
237,3.326872581502906,1.3746442158559677,0.8791530671570644,1.9592025593908995,-6.184411880623505e-17
238,2.720556639602748,-0.5066029956676807,1.7995431537995863,0.5466662418663302,7.067899292141149e-17
239,1.532262672838553,2.3994298568143257,2.491336267058747,1.7765575163890952,-8.834874115176436e-18
240,0.8861247997791697,-2.733531340925005,1.9084550150886042,0.2764290362647208,-4.000000000000001
241,3.859790317591555,-3.1987661107400056,1.4310648709206752,0.29937642129107345,4.417437057588218e-17
242,4.665936161494431,1.0095553472119745,-1.6863326976420412,1.6298111131934339,4.0
243,0.6435074295333951,-3.3470603829174888,-3.4348149404528243,0.9408421477774522,8.834874115176436e-17
244,-1.518882613555948,3.134183665185674,-1.8334406855445824,0.8030651577892409,-8.834874115176436e-17
245,2.0054754824087304,-4.710491290012621,-3.064539365699928,1.871887461637916,1.987846675914698e-16
246,-0.4026752275062089,-3.80371318315047,2.7391704620676816,0.27272601672162167,-4.0
247,3.2414912660093993,5.0883921661961615,5.96921290329888,1.9847406959300413,-5.300924469105861e-17
248,0.033972947663437836,-0.3685256436531814,1.6777183907595115,0.9068921525557263,6.184411880623505e-17
249,-0.329500284977124,-6.187980097665616,5.05404630817932,0.16495573383073348,-2.6504622345529306e-17
250,1.7690477240825473,0.8440261813503236,-0.01103314156724089,0.6651711373692561,-2.473764752249402e-16
251,1.2960509120844685,-4.315979095735992,5.110119597238425,1.9106779817602133,4.0
252,5.939806348351164,-0.9170955654475801,-2.417835134971516,1.3634692176364112,6.184411880623505e-17
253,0.059336418137927005,1.5543010005508364,1.8307511230939344,0.18476445530790908,-8.834874115176436e-17
254,5.851396053254669,1.723664662573606,5.625404851288518,0.7285100418352803,0.0
255,-2.6500092677113196,-2.7150208978565584,-0.36618557728820367,0.58428912034064,-4.0
256,2.482450088054371,-4.449065456584703,-5.207998333730481,0.6534110260769521,-4.000000000000001
257,3.3164840445543984,-1.3652871819279833,4.186681730171211,1.0720326699515794,-4.4174370575882175e-16
258,5.618340689125304,6.144978049525291,-1.5242334086946876,0.9650232301520358,-1.236882376124701e-16
259,2.228604236692769,-4.515303374185798,-3.668889251826615,1.57404103198559,3.533949646070574e-17
260,2.7290963319632553,0.9028218324594288,2.054219060755779,0.6796703160253195,-4.0
261,3.680308140607835,2.097285837660456,-4.407144440990862,1.924342655353555,-3.975693351829396e-17
262,-5.797154632596322,-2.5905967644688843,1.4876771103859747,1.145494424617636,7.067899292141149e-17
263,-0.9061639771471279,-2.6375082240941006,-2.21922658076285,0.358051102294787,-4.0
264,5.116040000425979,3.9386888659070536,5.73313354074846,0.07073800513841211,-1.0601848938211722e-16
265,-6.043805691941251,2.8637396067851686,1.5148825303818265,0.2866981850820107,-1.4135798584282297e-16
266,5.54376589843007,2.0804121767616888,-2.5608325865379,1.0679286074923766,4.0
267,2.6710861072198977,2.7359202291080678,2.9833864546065367,0.2515039097810525,2.6587449290359085e-16
268,-4.138952905683787,3.2043507295105815,-0.07066546731735457,1.5749986629877895,-1.766974823035287e-17
269,-0.8093971460617881,3.6605603133533027,-2.677508732229941,1.4044070374065742,-2.297067269945873e-16
270,1.1172173961727516,-4.821702305955757,3.5818997719165466,0.570617509254767,4.0
271,-4.383342409936855,5.69773469429636,1.217237690917095,1.1136164097790633,-1.4135798584282297e-16
272,-2.297079870172925,-6.189201017518229,-1.3898374086979368,0.6455097954042417,-1.766974823035287e-17
273,5.229427368247679,-2.184957192428527,4.135545678891354,0.6798275794485116,-4.0
274,3.8290784010019703,-4.701655221758508,-2.279279802140943,1.299741903375451,2.473764752249402e-16
275,-2.4070502921591594,5.8889820824919,4.778862693861434,1.3131928758949167,1.236882376124701e-16
276,-3.3459372873718602,1.5705916156378592,3.1858795033624627,1.4239571026611275,-4.638308910467629e-17
277,3.9594100276751245,1.3825093934658073,-4.942449235233248,0.926913164433921,4.000000000000001
278,-6.075034040865548,-5.90432775264441,-2.9132410593132327,0.09678313472836497,-5.797886138084536e-18
279,5.232562775627043,-3.4566982571987173,-5.775855258798062,1.7554840970456616,1.4135798584282297e-16
280,-1.747563772426611,-1.139956430401294,0.993338139731768,0.38420663104465147,4.0
281,-1.0158542821144758,2.376236663654897,-0.9454830046097076,1.3713929288447089,-4.000000000000001
282,-4.265306130143427,-1.4280530418713244,-3.157510880081822,1.156938886302283,5.300924469105861e-17
283,-1.2845233241036444,-1.3625167946969183,-1.9938209738337456,0.48031910565521607,-4.0
284,1.5760480872986804,-5.797378457532881,2.75873665058076,0.6110512269602977,-1.5902773407317583e-16
285,3.882622426632256,5.939862860520616,2.3575888572105903,0.8587757953466844,4.0
286,3.215388143667445,5.014401730699937,4.184693395764668,0.8954683935635852,-3.0922059403117524e-16
287,-3.6752269737964722,5.101338160127449,3.189804925345909,0.3349773803896563,9.276617820935258e-17
288,-4.693748051478899,4.821274468599084,1.437632713229645,0.5695027218801483,-4.0
289,1.0266438766482189,-0.8862793724537816,4.231815659059185,0.17093620059951498,-1.766974823035287e-17
290,-3.540977971654227,-0.6544262779575396,3.2996663844347704,0.9851897430955183,-1.8994979347629337e-16
291,0.9400757459951699,-4.614313228275518,-1.0305662683417598,1.4094853612067526,-4.0
292,-5.232154942724896,1.7992114948539601,5.9619030312683705,0.619679270143564,-2.8271597168564594e-16
293,1.4484838749155138,-3.2430605461925497,-0.1095528488108597,1.2351044538015916,0.0
294,-3.4268356970579275,4.407366820346834,0.9024086624449534,0.4007272643277162,1.7669748230352872e-16
295,0.413924059870193,4.098786623932639,-4.372392954645214,0.24214270732450172,-4.0
296,-5.409847981804209,5.125769631621644,4.606023052188316,1.581612487139773,-4.0
297,5.574633732320432,5.278877078473277,-0.9069751020092145,1.9073515949921906,-4.0
298,0.35298222441835936,-1.8335984086227217,-2.335314337239939,0.3400057037411992,-3.533949646070574e-17
299,5.1661881040433055,2.7782808753088197,-5.437529258675426,1.7874811014802938,4.000000000000001
300,3.289181482822787,-3.764047936030456,3.1742590944796927,0.9985059113277797,5.772002717825229e-17
301,-3.4217423905124518,-1.6011928833155702,5.760041985763781,0.8782460452056424,3.533949646070574e-17
302,-2.249592210050875,-3.3868974407659507,5.615341871623654,0.2563705415091355,-4.0
303,-4.486894935891383,5.0482734151613275,-0.7862046685578674,0.7742872272419443,-2.8271597168564594e-16
304,0.05423360042018999,4.5591359124170445,2.8012740320823433,0.64105729441596,-9.93923337957349e-18
305,-2.051319833747179,-2.4648119104176707,0.07368618183665987,0.9631095767448823,1.4135798584282297e-16
306,2.769523459567619,5.896994135103318,-4.610064811250978,1.233781213310181,-2.650462234552931e-16
307,-2.5475764445634272,-0.12613261935698894,0.7263540104690396,0.36654371820636067,1.9768030832707274e-16
308,-2.8099057650284935,2.727021718045469,1.4665299212528264,1.2477562548841878,4.417437057588218e-17
309,-3.2279654097155936,2.897807698646991,-1.6210209937480258,1.9769929445041925,-1.7448876377473461e-16
310,5.569416391985268,-4.40026815980291,1.363092968819883,0.043731794515470934,4.0
311,5.4375352958052705,-3.5965492381321424,2.528771951741895,1.8969355813052566,-1.766974823035287e-17
312,-5.0095506565029435,6.0069161632455526,1.6454816773495384,0.7556676180787874,-4.0
313,0.7382787922544107,-4.619757317303026,-0.8156735781473072,1.1834475695972149,-4.0
314,-2.939406151097713,-3.762881172142279,-5.385543274955573,1.5031614386709773,-6.184411880623505e-17
315,5.003881058669833,-5.569191303044658,3.328293985478741,1.2274406930579786,1.236882376124701e-16
316,4.813156647014257,0.46176652636020066,0.6822404131528232,0.1449705733089539,-5.300924469105861e-17
317,1.363620546812343,-5.325921970219064,1.1747019581007434,1.758350696681829,1.4135798584282297e-16
318,3.803698842209309,-0.022042138577051062,2.1308511115273028,0.9098856963528084,-7.067899292141149e-17
319,-4.845580653964607,-5.822236263304945,0.8282079293475286,0.461078306451447,-3.1805546814635167e-16
320,2.547735888121826,2.4889353357226103,-0.3610904936603676,1.878989795791221,-3.003857199159988e-16
321,-1.5530780943356497,5.3650569840508116,4.061087190420984,1.3682803900426055,-4.0
322,4.935135547501725,5.103850553448964,-2.9487701109620885,0.9819465175158688,-1.0601848938211722e-16
323,-0.21060624869692202,5.868492391712646,-5.3896997566937195,0.7981872773620711,-2.8271597168564594e-16
324,-3.4752988236753746,-5.256817943705849,-3.784624842020944,1.8540931662396767,-2.0320210464905801e-16
325,6.202797468916703,-3.4632058478350505,5.243862301553621,0.389954807212759,0.0
326,1.8554403923032776,-2.741978741980984,1.611359022688383,0.6412289661527346,8.834874115176436e-18
327,-6.135990053002159,3.768104948479296,-1.6518972950306914,1.8562438994783712,-2.1203697876423444e-16
328,-4.662032603080239,-0.11026749090958177,3.3020648093640723,0.9995694405577187,-3.533949646070574e-17
329,-3.8791212060990667,0.34032532283888983,0.5212844490120663,1.4422009572368053,-3.533949646070574e-17
330,5.327822111288121,1.884068897168735,3.555596538908908,0.3303322067657577,-4.0
331,-3.8232278233317216,-0.8513683896323272,6.265780780193575,0.18231137900761674,-2.8271597168564594e-16
332,1.9044104938787,4.422311864472748,0.4901391585900656,0.5884777124459859,4.0
333,-5.1210893462964036,-5.31309858167754,0.06482409628004415,1.3933077854833396,7.067899292141149e-17
334,-2.4212811389688977,-5.171929967995203,0.23937673176820695,0.33807455145010756,-1.0601848938211722e-16
335,-5.299208104817308,-5.491420616429133,-3.216431903064094,0.23093459876345412,8.558784299077172e-18
336,-0.5605076043551813,3.0282754880693847,-4.369495488671576,1.0574485556767559,3.5339496460705744e-16
337,-5.478574807067075,1.9269472877882166,-2.1934061350173106,1.192256254984528,-4.0
338,-2.023442349901366,5.182624917147059,0.2778384703378656,0.98990526248607,0.0
339,6.023394360069661,-4.391352893127575,-5.420753542112195,0.7114162395104977,-7.067899292141149e-17
340,-0.3541046190684698,-0.9106719092726925,1.7601911972720696,0.11164021410631508,-3.533949646070574e-17
341,-3.533983555168227,-5.164294772677855,2.4038007591769883,0.8308192108621237,1.5902773407317583e-16
342,5.089326996739192,-1.3591361227954177,4.823341465352808,1.274892392533248,-4.0
343,-4.642126868594211,3.4263718556371217,-4.687071498480554,0.46984982322542646,4.0
344,-6.211309996712453,-4.724701348687054,5.939354075846463,1.678520442183973,-1.0601848938211722e-16
345,0.1859639010458345,2.4715402008205114,3.1148640128307274,1.9996409806347535,-4.0
346,3.7421478369456764,0.2095810832893905,1.739023423107584,1.6619969825782386,-1.6786260818835226e-16
347,-4.1179747279089,5.338378749974808,2.4799220003977194,1.1461353926830637,-4.0
348,4.05052250043455,0.0653520079728711,0.9783806013928515,1.2424311293362964,-1.7669748230352872e-16
349,2.3685639879100435,3.263917641643971,-2.82183412773933,1.406427262817309,-2.4019814000635934e-17
350,4.003982205985098,0.1727975864317859,4.8787733039922845,1.8282360391786285,-7.067899292141149e-17
351,-3.650030791015344,0.688718057381803,-6.2161527735633815,0.9597406217027755,5.300924469105861e-17
352,-3.8350230389131132,3.8564177776191606,3.4725129653979767,0.994750497379832,-8.834874115176436e-18
353,-6.216053919558031,-2.1876277745412906,-6.102547652274809,1.9227617127554284,1.0601848938211722e-16
354,5.1346479232389814,4.3194656044452024,-4.421147482795816,0.6739224044397647,-4.000000000000001
355,-0.9944126458833411,6.047648660233033,-3.9922365893033627,1.5291433340510274,3.533949646070574e-17
356,3.3826778737552345,-0.6040732756603129,0.27922958254838726,1.1264605326081378,3.092205940311753e-17
357,-0.45980210685375766,6.099842266402691,3.5321808207332914,1.3700884764480927,7.81334179560916e-17
358,-2.8280880786610285,4.932099359816597,2.9945668076373693,0.30411565623674686,-1.7117568598154344e-17
359,-4.32875714857219,3.8976569600426085,1.6474353134524273,1.2910958114156046,-8.834874115176436e-18
360,5.742126230452396,0.9829450387106284,4.911300820202062,1.4109544994862409,-4.000000000000001
361,-0.18347174061054972,2.0720625304777354,1.9265722134608154,0.3292361757221285,4.0
362,-2.0041684644324134,-1.053684801841401,3.240691493622254,0.6160288992201877,4.0
363,-3.2820799739942683,5.655643785642454,4.2064011193948065,1.4152363571004094,3.533949646070574e-17
364,5.236530021506725,1.4175056622392397,-3.5485266440393644,1.9478644162188499,3.003857199159988e-16
365,-5.195903790985684,5.776789776006282,2.659620328694171,1.5813540136202655,-3.5339496460705744e-16
366,0.11403318633471571,-0.5655547642957028,3.884297637310368,1.7222637511212329,-3.754821498949985e-17
367,2.35568228967772,3.852603222495997,-1.2196088652015993,1.9297322963083623,1.3252311172764654e-16
368,-5.646301688486103,-0.707185415979688,4.386748641180445,0.24042701054279147,8.834874115176436e-17
369,-4.739442302443267,-5.3638179987642935,0.5795121820308715,0.8214393097317443,1.7669748230352872e-16
370,1.572975277998725,-3.3987566691140167,5.891157062759225,1.2450884865568632,0.0
371,-5.957743281735316,-0.7531096732573479,4.439375973467655,1.9833311826351365,-1.4135798584282297e-16
372,1.583571511737742,3.4563499885319775,4.997385385565572,0.40146492912218035,4.000000000000001
373,6.253920261601241,-5.636292761607003,5.778021055015499,0.9373015256736119,-2.1203697876423444e-16
374,2.6670308109399326,6.049776340727687,-4.018549433111346,1.7522270383179746,-1.0601848938211722e-16
375,1.5368973113092688,-2.7547133701920377,-0.2218645174208289,0.03623397900132019,3.533949646070574e-17
376,4.306281361913825,3.554788258151941,4.874488398304496,0.8079882034960868,3.533949646070574e-17
377,-4.313517000266236,-4.031656744369881,1.7763867104639015,1.2038109867781743,-3.533949646070574e-17
378,4.698538172739955,4.076220462224407,-3.778526308253742,0.7211076224253332,-3.5339496460705744e-16
379,3.584708617328543,-4.40089202510441,6.054375245557601,0.2770313864829279,1.7669748230352872e-16
380,3.882151924910403,-2.904148029136824,-0.509017322147522,1.0769915373417833,3.9999999999999996
381,-0.8061778203843355,-1.7108898459499713,1.1018143631884394,1.2997825231970905,4.0
382,1.3136160974869258,-3.069990882287208,2.45057815176367,1.4694729071262898,1.766974823035287e-17
383,-4.245546800800054,4.503634568601498,3.370586501181249,0.4649574444032498,-1.2810567467005832e-16
384,-4.751668135325215,-2.447889107671479,0.9182612134402781,1.699785043665639,4.0
385,-0.15029866303580164,4.1979733810515665,3.292872608091878,0.5433471390902513,6.350065770283063e-18
386,3.4937963016940348,-3.919073684737502,4.1366665492795125,1.4604868847174002,6.184411880623505e-17
387,1.2177269794739711,-2.4066500382390767,-4.412875072945818,1.2465141562204192,4.0
388,-5.963874978923732,4.750193613970472,5.740438915736686,1.7505715152849408,0.0
389,2.908121123023774,-5.147714428169101,5.415773069860904,0.40281421687495067,-1.8553235641870515e-16
390,-3.2798608877594804,0.933628712421859,1.087601845577037,1.302662979690683,-4.240739575284689e-16
391,-2.662418565382415,-5.769723621339511,-3.0537787557064706,0.9623105260810394,2.2087185287941088e-16
392,-6.264253224969887,-4.7039425821139025,-2.122835242869071,0.5985193315123809,-2.1203697876423444e-16
393,-3.226837343763183,-0.2370057372925718,0.28017399996458536,1.6826041853524298,2.6504622345529306e-17
394,1.5623360187508402,2.5819856195020705,5.929429906355704,0.25345386469512965,-1.7669748230352872e-16
395,5.969965459066692,-2.889741189446362,4.703216789627692,0.8660178542100021,4.240739575284689e-16
396,2.106002745176511,-5.139949608506535,-3.00394742955389,1.5860941399661808,-1.236882376124701e-16
397,1.2048083387250612,1.46215744072952,-2.5008702331333907,0.8191461983850556,4.0
398,4.179977379763216,-0.7065148924317493,-0.020033743038646357,0.587973766482522,-1.766974823035287e-17
399,4.029693644498133,-3.681195422157934,-2.8922824275712604,0.08944594373517911,-4.886789744956966e-17
400,-2.836575593272456,-5.650984976004117,-1.8216162601757038,1.4231610571252806,7.067899292141149e-17
401,1.4628797243700067,1.3324196165091111,5.28940149221085,0.41998724455601755,-4.0
402,-2.0737327703766484,2.3231450485690317,5.659800081909996,1.0586317859594327,4.0
403,2.3564508098351826,5.29544431904945,1.497988084421559,0.33437570800170735,4.000000000000001
404,-3.4354213133233515,3.4012457661830595,-4.734058132255823,1.2377323717191357,5.300924469105861e-17
405,-2.1553434079368765,5.502533095027994,-5.469795088003068,0.21388445642556908,-2.297067269945873e-16
406,1.2998966661343765,-3.027322527394515,-3.4744663458863325,1.9729373376960457,1.987846675914698e-17
407,0.4479534403973151,0.8862950731708183,-3.2483657447082486,0.31730469037185594,5.604623266815052e-17
408,-1.7600077991541196,-4.9133514124877,-3.9788954540481836,0.6482623533867249,4.0
409,-1.9430716239522905,-1.3193759140912116,-3.847073368320383,0.6433867548676124,-4.0
410,-3.276431409842411,5.792404157035822,1.4905924259781642,0.33040714300814744,6.405283733502916e-17
411,-5.986536755219998,-0.13499862032603627,-3.769975530807547,1.196857863490618,6.847027439261738e-17
412,3.861577781277836,4.708538632575637,-2.840632512308348,0.3245092203569484,-8.834874115176436e-17
413,-2.448752371500898,-4.502674210243846,-0.22253873129961832,1.678128949088359,-2.1203697876423444e-16
414,3.0599281575427586,5.974670968347471,-1.1018221748291603,1.6335980633262668,-3.533949646070574e-17
415,0.6841280669778333,-5.418399878817324,1.8440394562693534,1.2620201660051373,4.0
416,5.1675239140274645,4.337273254205531,-1.1714255985396456,1.3510852000516407,-4.0
417,-3.4921237467337702,-1.2198762338539044,6.213430272536524,1.9312285013275121,3.003857199159988e-16
418,4.804241379316073,-3.326814934952743,5.575116597479839,0.6708208561737719,0.0
419,-1.6766356153672834,4.155429605998192,1.3861046825409895,0.6852107078662719,-4.0
420,-1.4241959378799667,4.895222736821156,5.818281717896603,0.24309983119460066,-4.0
421,4.957058279201773,3.3350113342642533,-1.077632141301299,1.7271015769023121,1.4135798584282297e-16
422,0.5522630648770486,0.3211976113933286,0.09623535648542703,0.7730824754510655,2.0320210464905801e-16
423,-2.02587297303415,-3.5458170072606223,5.7685439834792565,0.9463201000987678,-4.0
424,2.0972790513016015,-1.0272352333936103,-3.0823675952630816,0.9219674157031272,-1.766974823035287e-17
425,-4.215267385302445,4.5729649062578925,2.9118954869420897,1.8339751423303048,-1.766974823035287e-17
426,-1.4126165552027663,-5.734955198277981,1.5357490187891862,1.2278780466594397,-4.0
427,-6.2501369075081525,-3.661866219838193,-2.115585064954451,1.6321039108937785,4.240739575284689e-16
428,4.001289655320935,2.1754855027380167,4.93899937274956,0.8427564956611397,-4.0
429,4.280870601024549,1.3001987387411873,-6.096912075701554,0.8036533764665053,2.8271597168564594e-16
430,-5.611733608957669,3.4293392473990494,2.172090681694364,1.1884005128667694,-4.0
431,4.624504566204031,-4.91026992476962,-1.7499209081816414,0.27161934200383375,-4.000000000000001
432,-4.523977032065916,2.798367710889151,-5.295458875419739,1.3600103430571426,-4.0
433,0.6932312893781463,-4.590967986634032,2.148515452192795,1.4063280382519785,4.0
434,5.719601650642238,-5.0214601231102405,-3.0808776503071478,1.428131889755908,1.3694054878523476e-16
435,-3.9379183856742657,2.487605676803291,-1.7761531181173877,0.7907442192245744,0.0
436,0.6170417991859107,0.9858965470958179,-3.2451010047211835,1.389669095450888,1.1043592643970544e-16
437,6.169304167260515,2.157329803003428,-5.159478645905726,0.1761548920404319,7.067899292141149e-17
438,-1.3702185514915497,5.162568614783016,-2.144456887291648,0.3279817413873034,4.000000000000001
439,-6.1894609549264885,0.29465341057271743,0.724631524912648,0.730617320577678,-3.533949646070574e-17
440,1.4381608391127934,3.1102209367037315,1.161917241935714,0.008724927279126549,-3.5339496460705744e-16
441,-5.385371001089207,3.356970884247813,1.573723270093688,0.747192005269038,-7.067899292141149e-17
442,-0.3460596707227239,-4.913200225052975,-3.7860172319448675,0.6390321701012784,-1.3252311172764653e-17
443,1.126952274907378,-3.3658329552271216,-3.562740480236004,1.9218054124856643,-2.208718528794109e-18
444,-1.470890469346057,2.303368852656762,-5.0729460580958605,0.6609356935125812,-4.0
445,0.4888234722481144,-0.39781001601204125,5.76940927055788,0.4212697078453833,-4.0
446,5.70855068977828,1.1946126616865085,-2.980880695860926,0.5947792827895853,1.1043592643970544e-16
447,-0.05230615927044724,1.4885793989031981,1.3575648371533129,1.2151372638458677,-2.1203697876423444e-16
448,3.657902277668839,-4.426098340121999,6.111882800224631,0.3134420337179713,-1.4135798584282297e-16
449,5.3007964791434645,3.152300477673629,-1.9404321375233433,1.3004565180204348,7.067899292141149e-17
450,5.259936408088057,-6.126644568730981,-0.7182634843272018,1.2906396735557166,5.300924469105861e-17
451,4.171904411236836,5.269810828453856,0.05801801435596854,0.28115898300196673,-1.9436723053388158e-16
452,-1.0247504856608014,5.9677225566177,2.786911649646118,0.15425365504958322,1.159577227616907e-16
453,3.74790422139057,-2.5342890742827824,-5.899318590700361,1.4465509785671902,4.000000000000001
454,2.339187172479649,1.0485889120152239,-0.5168278915245592,1.0221085428827401,-3.533949646070574e-17
455,0.3543103517349877,-1.8022141209002607,2.0941111539381403,0.6552607254643068,-4.0
456,-4.601458330489053,2.7485134325651206,-2.1081622854844557,1.540968878313236,7.730514850779381e-17
457,5.392496503058753,2.0264079367607213,5.409019083293961,1.7805687704102482,-4.000000000000001
458,2.38985412546241,-2.62379342159305,-3.1183227829683755,1.478199034997534,2.7712515290963584e-17
459,-5.466138649500208,-5.439612541011054,2.957651793360794,0.1512566590033071,2.153500565574256e-17
460,-3.931458854473128,-4.39918458188277,-3.820648832116892,1.0591770314069127,-5.300924469105861e-17
461,3.5051766223077667,2.228408895216079,-3.013989802910454,0.7543994056742691,-9.801188471523858e-18
462,-6.0409058904783395,-0.1502104862479401,-1.1793439342663694,1.544898329132412,5.300924469105861e-17
463,0.22177869092348512,2.0197074468281144,0.7814140090568964,1.1423214556965597,-1.4135798584282297e-16
464,-3.947400748013473,0.9516597519308343,-2.892027528672748,1.9929161221404894,-2.0761954170664623e-16
465,4.987776926879892,-0.3466007250713856,4.3839232688615315,0.4205227312821682,2.473764752249402e-16
466,2.2651372785077033,-2.4126370010008826,-0.2087168271534381,1.519202391656407,0.0
467,5.150645109603824,-2.5374103047679,-0.8831767355243807,1.694567053482385,4.0
468,4.334427929800489,-5.543878919756049,4.840118164154619,0.9753205771412847,2.1203697876423444e-16
469,4.98845096331341,-1.745348968272375,1.3943363554770958,0.35134719130805814,-4.0
470,-4.346628929263586,1.1426522863930382,-4.261205489124343,0.5164770644162031,-4.0
471,5.549152492630736,4.3975677550960715,-2.4576020628389585,0.9040765126568946,-4.0
472,-4.794550207713893,2.0110796157509636,-1.0096489314138841,1.4555681618826273,-4.0
473,4.195155850155711,-1.8779228834360975,-5.27354768171769,1.683578834892885,4.0
474,1.297023941819222,-4.334154939599528,0.5791129956687557,0.9050963228064455,4.0
475,-6.198133543726312,4.495218540750525,5.7948068510827575,0.5496548896745466,-1.4135798584282297e-16
476,-2.7312003037497243,-3.301666633170872,-2.3401702483769737,1.066868694850001,-6.6261555863823264e-18
477,0.45602104365438656,-0.9349520263758313,-0.7953102338245142,0.96335712729202,4.0
478,-2.9133367833882216,4.51092403038027,-2.237627800315681,1.6618843618407055,2.6504622345529306e-17
479,-1.4660628908256026,1.3634956580092013,2.165885874995409,0.9274550464990772,4.000000000000001
480,-1.9970491214576196,-2.319745231818816,2.731156122307528,1.8228074810216461,-1.987846675914698e-17
481,-5.165009327122965,-4.448955934243878,-4.072718813193468,1.336534948318669,4.0
482,5.350537556586973,-5.036693732692149,4.388187595072042,1.6851476608636016,4.0
483,2.3721310882252116,3.227746625292589,-0.3425147213615656,0.16419718608118616,-7.067899292141149e-17
484,3.091274737296688,-3.2516300255864024,3.276996411600935,1.7417399690746311,1.1388704914094624e-18
485,5.011115098969217,-2.959932098421599,5.019676886038756,0.41749085779049144,-7.067899292141149e-17
486,5.636375689389061,-0.2573770504041839,-4.229399367842261,0.3136802432767549,1.3252311172764653e-17
487,5.977056462623377,-2.9079433660510965,1.0897884309599153,1.9011347536555752,7.067899292141149e-17
488,-2.7780127280094344,-2.3209779143587776,-4.539034245412356,0.8245504689788192,2.694636605128813e-16
489,-1.055133695165229,0.021673171091619814,-0.4494277903873165,1.4987198944059537,0.0
490,0.6161586587013712,-0.3502889327137835,-4.195181341715377,1.9647699618628005,0.0
491,-1.2073076067358723,6.222594944942928,2.8592220140280222,1.0958733190968863,1.5902773407317583e-16
492,-3.980922820059701,3.299335515223989,-5.659771371281159,0.796456048411234,4.0
493,-3.5417257461446745,5.998632216280413,0.28066599051809504,0.45735583784423617,-3.533949646070574e-17
494,3.7735163558774385,-2.762242376849348,2.249490931285747,0.06726530962572808,3.268903422615281e-16
495,-1.861654440489663,-4.492902772999496,0.0743048624156275,1.899827177723842,-2.8271597168564594e-16
496,-1.9700568659783393,-6.157493265170318,1.2874466866472458,0.4827221069148724,1.7669748230352872e-16
497,4.470931296888926,-5.764253884370697,4.801714839447074,0.37735971982240235,4.0
498,5.772150757688081,4.70425518708738,1.4258192033532993,0.27106638184622556,4.0
499,-1.1847258802589336,4.845435643280554,5.6923495441493195,0.5008857617903857,-4.0
500,0.5560829541985663,-1.3383207628899827,0.9483688786459217,0.061030475040025234,-4.0
501,-5.764633254743606,-4.510985104481346,-1.15296298439437,0.999323407772881,4.0
502,3.7160017330736252,-4.893705731473526,-2.055257324778583,0.34234026502966364,-4.000000000000001
503,-1.3467684394214539,-5.741018744242946,2.2056565095279463,1.4832946603484851,-4.0
504,0.8045604953177454,-5.708365946911866,-1.2564024232361852,1.919978346998824,7.067899292141149e-17
505,4.694412956128545,-5.269454784820356,-3.6427166036927523,0.14475268681561082,1.0601848938211722e-16
506,-4.539079171297889,-3.380884015212699,-1.0097129371631821,0.5200387591248987,-2.1203697876423444e-16
507,-3.6627088431076045,5.652927041339623,1.5130808621803666,1.064013824953595,-1.236882376124701e-16
508,-2.719327363067347,3.323080518464179,1.3086362021835276,0.6863819061348282,-1.1264464496849955e-16
509,-4.144872709597696,3.8718042570818856,6.198242118613107,1.4490758605789158,-1.501928599579994e-16
510,4.979506814436705,5.082763257669267,-2.5014816969681326,0.3475866239190806,-4.0
511,2.7545641152337197,1.5131114330405229,2.3650567378901464,1.9946221743790389,1.1927080055488187e-16
512,5.024959478397573,-3.08197901231094,-4.151081958199102,1.2185872040370664,-4.417437057588218e-17
513,4.191419758352801,-4.210149110919154,-0.5656975372665913,1.7490960685468804,2.297067269945873e-16
514,0.3324246118675207,1.573979329828731,5.421358603412397,1.3273038963428787,1.0601848938211722e-16
515,-0.2412553296727591,-2.057123957957371,-1.8891109575940996,0.6557313568707874,-4.0
516,-4.097527884055831,5.942464187080764,3.750993643018587,1.078109372369441,-4.0
517,2.1672058430965553,0.31164839783840215,-2.222699256776904,0.7113003369530295,4.000000000000001
518,2.0976266547814593,3.506385522146516,-5.228359994881601,0.587030919174776,-4.0
519,4.665930265259899,-4.191662792148941,1.0396953789441286,1.8761077013001637,4.0
520,3.6950735632793634,2.8274895444054966,1.8282011025200369,0.1540892928549984,4.1523908341329246e-16
521,-4.739983542716779,5.368043343090061,-0.13751859642804298,0.6177699480151482,0.0
522,6.27311184304396,-1.0803658673171137,-2.421189738318781,0.8752771847929628,1.766974823035287e-17
523,2.7192420284708536,-4.988376258430266,4.706580115443474,0.8749217644631584,4.0
524,-5.295342025750815,-5.020522587722037,-4.080375429932554,1.201119841857233,4.0
525,-5.1201124157757665,5.9453118120048885,-2.3246459559379713,0.24672954556427462,7.288771145020559e-17
526,4.137338960651771,0.635427943834582,-1.3167728035714203,1.2304538957097606,3.533949646070574e-17
527,-5.812580083355705,-5.526861785132283,3.333359259284908,0.6519767117088555,-3.216446357556421e-17
528,1.730506896872825,4.123500678336738,-1.0454681893644215,1.0431840472738134,-4.0
529,2.7438290697510137,2.6157217367958463,-1.5458760527289135,0.8067247575696073,2.297067269945873e-16
530,4.1455161835106225,6.163667575413282,4.717658963596181,0.9129444748080409,-1.7669748230352872e-16
531,2.4089179502592266,-1.2342789323342966,-1.3716533371290858,0.03978472927025778,4.0
532,-2.387707110407688,-2.097490187750907,-0.6425544105973673,1.6547470996641858,-5.300924469105861e-17
533,-1.3281464594256347,3.97435064153588,-0.7674995410484833,1.1039879789622296,4.0
534,0.9466783302042137,-1.6762526992716378,-0.9867738654044027,1.706298094151094,4.0
535,0.031850308689008955,6.065175908295014,-3.3090366691759336,1.118528999702052,-5.521796321985272e-19
536,-4.087589058091115,4.5096224975139325,-4.5571938324943435,0.6577889089760445,4.0
537,-1.9193160494454045,1.1487154561320594,-5.265966950576289,1.0258734343178828,1.0601848938211722e-16
538,-3.166965790220487,-2.212510939435451,4.53115618645583,1.732988922543796,-1.3252311172764653e-17
539,1.307920532281833,3.2634014887599303,-0.11393035377736105,0.7675106135528007,1.236882376124701e-16
540,1.944526405368567,2.697039816377595,-0.1327734022780449,1.23159602177017,-1.4135798584282297e-16
541,-2.2423950002634045,-3.9615770917591298,-2.579320143905706,0.42022344688148294,-1.501928599579994e-16
542,-6.119198149136558,4.611790820884382,5.794021006985831,1.9330492958500811,-1.4135798584282297e-16
543,4.639696190816139,-3.68327315661146,5.756261190016213,1.865189810884783,4.0
544,-4.444462219040374,-5.260396606397817,2.1600349438866573,1.6424468935924803,-4.0
545,3.214721837717251,-4.49594210389153,-6.051413328097476,1.5210957834527241,-9.718361526694079e-17
546,3.179367691464641,-5.612773191141542,-0.47910102208728134,0.4119629867359009,1.0049669306013195e-16
547,-1.746183452297819,4.92620596446392,4.622978753308674,1.8241375491283818,-4.0
548,3.6863992601266773,-4.786068664383315,-2.2865262610348998,1.066935599824904,1.1043592643970544e-16
549,-3.2933636435647937,-1.598050992322654,5.514376937571141,1.5079033415953953,5.742668174864683e-17
550,-4.8527113576719225,-6.071070197978317,-5.839017146982892,1.1682844346455594,1.5902773407317583e-16
551,2.5595904716094626,2.4926960615382114,5.975337317897068,1.3752885822035181,-1.4135798584282297e-16
552,-3.0724618208485808,2.3039198035744306,2.3265352001911594,1.0783497633372114,-1.1706208202608776e-16
553,-3.9473495248043298,-5.774376611543538,3.6314321782972083,1.9617405420483889,-4.0
554,-6.222686164239512,5.543728087705441,-4.618767422945317,0.4637608905685222,8.834874115176436e-17
555,-1.1593886636357915,0.3896627676749054,-4.900562467347021,0.7609668531872338,-4.0
556,0.13735338860502733,-2.9085334180968485,2.1409620172139885,1.857908296735304,0.0
557,2.02723847553891,-2.8897496988385245,-2.6916440462679594,1.7433959285325011,-5.300924469105861e-17
558,-5.607104623480069,-1.693260443956821,4.844301644804217,1.8243025449833437,4.0
559,5.272260540338536,4.2815450452590085,-1.5319653522133914,0.5502458655104756,-4.0
560,2.673877040896766,3.583796751105277,0.00742500073872332,1.604321432063804,-3.533949646070574e-17
561,-4.267969663149654,5.183410382478968,-4.556545351157179,1.3385892810151694,4.0
562,5.01132398292577,-4.441831554556873,-3.2591887146993708,1.0757296177813476,2.0844781115494403e-16
563,2.9502897537130046,2.1680709446565025,4.171400899020895,0.7220642619053679,-7.067899292141149e-17
564,-0.13978483134156416,5.6345838540482855,-5.082984636792499,0.707831947739485,-1.7669748230352872e-16
565,2.7259172091953605,0.012889186509645434,-4.523507062266777,0.05956922686013666,-3.8486920364237346e-16
566,5.490123430498736,-1.6899249318868925,4.511889440562138,1.86279617687235,-4.000000000000001
567,-4.09586453550051,2.3223218353597463,1.5263889340846388,0.28578259123104255,4.0
568,-2.9080565914772962,1.0498405958355406,0.04337126954684223,0.9654367412526639,-1.236882376124701e-16
569,0.871046041047796,-2.2352862527223634,0.18241489984463133,0.8101291833493718,-7.067899292141149e-17
570,6.062812265969885,3.3600260445205574,-3.7547388137423527,0.6277968773559117,1.4135798584282297e-16
571,-1.9294040741990246,-1.381925242568511,-3.4896207667863064,0.6465618545517047,-4.0
572,-4.624787326073092,5.899903609735164,-3.1499310568692103,1.4391028124370475,-4.417437057588218e-17
573,-2.178753338928087,-1.272065402031787,-3.7765924783921387,0.7732694688403077,-4.0
574,-4.964418989116561,5.687543838406706,3.495354172576425,0.843353487742706,3.003857199159988e-16
575,-6.023981430858436,2.7053617766319675,-2.3794824322850876,0.8712634927944019,-4.0
576,3.372049138714889,-0.830654397125862,4.755903579097335,0.31432453467131083,1.236882376124701e-16
577,2.30407168743667,-3.850955216883424,-0.15883734737878363,0.05520102237439639,-4.0
578,1.658406358672127,-3.7677115119187565,3.295311000942954,1.675486273679462,-2.3191544552338144e-17
579,-4.198090640290092,5.261832372969744,-5.8826007705044026,1.5740089166795486,0.0
580,4.532630271558375,-4.270093534032634,-2.0777754192985576,1.1153364817508489,-7.067899292141149e-17
581,4.4071868646826555,-1.9581110021509067,3.8524836332126586,1.7459415177194513,-2.5621134934011665e-16
582,4.677778660528469,-2.4881207620681116,4.209712589599624,0.31841162208632046,-4.000000000000001
583,-4.233383259679602,-1.7314687296603148,-2.5231173466865067,1.0982976952970653,6.184411880623505e-17
584,-0.034864544254652685,3.1353841822786297,5.467961742557531,0.32303294179990694,0.0
585,-4.7907968139907675,5.950587282251455,-3.0039589147097105,1.4933103179733236,0.0
586,-0.44040161981812975,-4.150212309883393,3.430780431728575,0.5094756675407226,5.300924469105861e-17
587,3.3205717276300213,0.9529855179300011,-0.4344063668724516,1.358717341755209,7.951386703658792e-17
588,-4.028445282147574,-4.757625852167422,3.7598261785129363,0.981027594620792,-2.8271597168564594e-16
589,2.6626691210310884,-3.30690374161251,1.4040506551656193,0.3536943698606112,1.6786260818835226e-16
590,-4.86675145762326,1.5910042539281832,-2.0771671117359283,0.6916104339775744,-4.0
591,1.1517408312195272,2.0663472143790074,-6.135145405723391,0.9979057376580569,1.4135798584282297e-16
592,-1.2879041554432629,-3.906603040730755,2.8198289139120067,1.4114206477390252,-1.8553235641870515e-16
593,4.440169060391909,3.2610476250914857,5.414116965747327,1.4323112232295798,1.4135798584282297e-16
594,-5.845445199997141,0.8327143838896989,-3.980762729661031,0.45019534009736284,4.417437057588218e-18
595,5.593876622464313,5.019170778562527,3.315940441223388,1.7090325508428315,-2.9155084580082237e-16
596,-3.8107625299227177,0.6202038360745137,4.219006418482818,1.3886051293285877,-3.533949646070574e-17
597,4.2814546242772025,-0.8590644468603559,-2.2430000337457763,1.881752417796927,4.0
598,-0.9767883813841429,2.4403875538718545,4.098296460823985,1.4259102359177234,1.0601848938211722e-16
599,2.7423433434534434,3.398674217896339,3.8077062363832344,0.16956684220837204,6.405283733502916e-17
600,-3.0212036275922896,-1.4413286370186489,-0.022569147284377422,1.1860662165139262,6.184411880623505e-17
601,0.31936906863438885,-5.5203582748469024,5.213852863255708,1.858610097376658,4.0
602,-1.8417306543870247,4.2792553640040865,3.1770171471642232,0.6457471526319492,-5.345098839681744e-16
603,5.7016493323542985,1.7585911440582436,-5.488165227819298,0.9567584887870444,0.0
604,-4.273428104270779,4.092105148106999,3.6882883559059394,0.43877677964830686,8.834874115176436e-17
605,2.1263509056305097,3.24281564373657,-1.3290638297295772,1.4913820856947302,7.067899292141149e-17
606,2.8577793588410465,-5.05384146724543,-1.2578078970139455,0.0061463992159362935,-1.4135798584282297e-16
607,-3.774238697918139,1.5627040061043562,-0.22715869831827362,0.25533278420345185,-1.0601848938211722e-16
608,-2.4004150800051702,-0.04580137781141769,2.6330987139806954,0.5292623860513932,2.8271597168564594e-16
609,2.965818130599562,-0.44305058152314736,3.052735278186031,1.0529571147527874,-3.0922059403117524e-16
610,-6.186190268056805,-3.8270393246947916,3.172586503230052,1.0983570741805069,1.5737119517658027e-17
611,2.6363012691213275,2.241174791233181,3.2375486605985397,1.0988410957946986,-3.092205940311753e-17
612,3.4334051556854934,-4.624935736023896,-2.9831415496073146,0.5611169670600529,-1.6344517113076405e-16
613,-4.377631358078352,4.093811264754301,4.750032940879596,1.630131010791974,-3.1805546814635167e-16
614,5.969148064852238,2.3133970302473603,3.397411311452549,0.1751603265259114,-5.742668174864683e-17
615,-0.879301426833603,5.97868415928717,2.035684547138091,1.9911787982362203,-4.0
616,0.4625414090331068,-5.806128781677732,4.235384501048207,1.389219229279212,-5.300924469105861e-17
617,-1.5886574812595393,0.7969799608111643,6.251178081419944,1.3629493129242218,1.4135798584282297e-16
618,-3.646653742420056,4.844110320434627,4.838799849374462,1.1251406339597538,1.4135798584282297e-16
619,-1.3570060274865678,-2.5022593382809437,3.928309594412788,1.8945853206203545,7.951386703658792e-17
620,1.8263567671441976,5.922099179337263,-1.3841760481885883,0.5594234685161177,1.7669748230352872e-16
621,4.024312323649648,5.086747330002591,1.5058518751223273,1.9099323691899273,-5.300924469105861e-17
622,6.1736712762038195,2.722708400619357,1.4362797491921366,0.5559478586198543,2.8271597168564594e-16
623,1.2617698063002338,0.7383669451229551,-3.4828106460749297,1.2396861124050687,-7.951386703658792e-17
624,2.918715535047024,0.1919879382410743,-6.0555988280449045,1.0466116121755642,-7.067899292141149e-17
625,1.807455103590451,2.3585003647914924,4.420232877467905,1.7942490935773223,1.9436723053388158e-16
626,5.9358466166517445,-3.7743731413848214,5.649501065186069,1.9848575289616655,1.4135798584282297e-16
627,-3.4493301209665668,6.267307557057816,-5.89568908344412,0.4346941224986276,9.54580539163204e-17
628,1.8345660794792504,3.950171346339202,-3.8516580037722825,0.09508469696194632,-4.417437057588218e-17
629,-1.550526489605697,-1.6012059209727187,-1.9201596229507656,1.2914791744004868,-4.0
630,2.502505506888925,-2.367593668849713,-3.9368616239479697,1.7520539872061347,-5.521796321985272e-17
631,5.578301917026806,1.6627051235673562,-2.7323888566654584,0.3744526329320148,6.405283733502916e-17
632,-1.4873089213682364,3.2743120312535297,-0.9844433007172828,0.9656016011009161,2.8271597168564594e-16
633,1.4513635610065574,-4.699526740186412,-1.4355471224557066,1.206963238611137,-4.0
634,0.037092622533625,0.3647997355012702,-3.645744637083396,1.4595961318548103,-9.93923337957349e-18
635,1.7549159665246865,-3.8528108043117792,-4.955678030036358,0.6528183265997751,-4.0
636,-5.740430708203358,6.15562426448494,-4.296268877493263,1.8502174478705329,-1.0601848938211722e-16
637,5.218626566444021,-1.9788953272824514,-4.761916433083018,1.9156956260680338,4.000000000000001
638,1.330122003309853,-3.3024417203265712,3.626591076036485,0.06128954362629191,-9.276617820935258e-17
639,5.929985789766889,5.542206834117156,5.620749617206275,1.5981978650743138,4.0
640,-3.315763251651928,1.1758085849249023,-2.103234513351918,1.0214516788100454,2.8271597168564594e-16
641,-2.4270863492655073,3.9983867043818435,0.8514721637097988,0.28107702460479267,-4.0
642,-3.134209747490397,-3.57841409962731,4.156172400333697,0.5187916636415435,2.8547686984663856e-16
643,-0.4273992121428458,-2.573553351717807,2.272886605323377,1.6576726208148211,4.000000000000001
644,1.462293294013448,5.317793390311591,-5.826341851263159,0.70924998549624,-7.067899292141149e-17
645,-0.0011207043487821977,-5.251750940376904,2.7074666074700104,0.5487276774892953,-1.3252311172764653e-17
646,3.681864948437916,-4.4006845500471625,1.664845609454936,0.03261503585735315,4.0
647,-6.249634086702021,0.2579993586394238,5.461867691723061,1.5073918668897133,-3.533949646070574e-17
648,-4.832763387823435,-2.3016329782358955,-3.784130630478533,1.1781666526255297,-1.236882376124701e-16
649,-0.9404279450561983,-4.015784764246794,-5.941174114666747,1.5545015552988422,-2.8271597168564594e-16
650,-3.600007705155407,-6.112378377828429,-0.09262611812503962,1.5232134458921218,-1.1043592643970545e-18
651,1.9309739316072623,0.15890528881988075,-5.600501089760447,0.4426760891052002,1.0601848938211722e-16
652,5.846813853033684,5.0899140343202305,2.741794016067283,1.7896414535269067,0.0
653,5.967214078031077,-5.197829977925569,-1.812333548419205,1.538697347153858,-1.4135798584282297e-16
654,-3.060902375712315,1.336965457797639,3.9548952874663286,0.9271739280366091,8.393130409417613e-17
655,-6.053672563903793,-5.183541336829309,3.764133168939061,0.5142265058254156,7.951386703658792e-17
656,-4.065121883180715,-1.0447686894893753,4.582139703199257,1.0418435192382651,4.0
657,-3.5450700115797527,-0.6530271334894078,-2.600670937659603,1.692310219932928,-3.0
658,-4.791294558270788,4.51451635091485,-1.407199581971927,0.5009553242289226,4.000000000000001
659,-1.3978555392675016,-5.516215005392277,5.636535415842108,0.33891020152446316,2.473764752249402e-16
660,6.2322106018928025,4.630516453183914,4.45298167477122,1.6380478990561422,-1.4135798584282297e-16
661,6.0780118491475985,-2.602194696845229,-5.6381524653342,1.2955525998580038,3.533949646070574e-17
662,5.646642460072435,-0.9943668331910862,-5.693769328150376,0.5601379859634124,4.000000000000001
663,-1.40238368187838,-0.3948132300366183,-5.505207206107889,1.5021216367464507,1.0601848938211722e-16
664,0.42413505218094816,-1.125237779529976,3.8688286593967653,0.6457391044320344,4.417437057588218e-18
665,-5.37975071361968,-1.3586757228978694,4.665221599420963,1.9223977049390326,4.0
666,4.348736759076685,2.826918003627192,2.8158739908349784,0.7680388340822728,-6.626155586382327e-17
667,4.120212362161968,-0.31183054006273103,1.8120356179498636,1.534512852348845,1.0601848938211722e-16
668,0.18946213943905388,-0.049324514335834735,-0.9112548986297284,1.412973082824908,-1.0601848938211722e-16
669,0.81819159783179,5.566253207221434,1.1118718835151977,0.5575809914031116,4.0
670,3.601431491065064,-2.8271196938597978,0.6226788549881643,1.7399478354085662,1.0601848938211722e-16
671,5.863290080955554,0.9614758823626302,0.04462101808428187,0.34389029943914373,1.0601848938211722e-16
672,6.092704522361371,1.8758674814028335,-1.8215740420898419,0.872002355537236,4.0
673,-1.8833963149436475,-5.555918635957534,-1.2907912210447359,0.7538693088835717,1.7669748230352872e-16
674,-3.8041147175587575,5.71000181022187,-5.333151322235906,1.109645224004407,7.067899292141149e-17
675,4.4948077212724336,-1.5181918753704329,-4.988315304796137,1.7865442078255154,4.0
676,5.495845934077547,-0.7236894168072174,0.9445853861284155,0.3859709572376362,-4.0
677,1.4774121744310014,2.0053968734701737,-0.23746177762130571,1.6934738992686746,-2.8271597168564594e-16
678,-4.926387837140516,0.014973052387515118,0.98773659896192,0.6075248989290483,2.473764752249402e-16
679,-3.1482721053792377,3.523248453284756,-2.7157872915216004,1.7000532272540647,-2.8713340874323413e-17
680,3.4528230933009567,-1.7857834287503813,4.05830726297917,0.3624256282757954,-1.236882376124701e-16
681,5.599501981430716,-1.9211628605804476,-5.528534648150272,0.1345412461575819,1.7669748230352872e-16
682,-1.5553741913879051,5.762525292574438,6.250588779993576,1.962052657826079,0.0
683,1.4228444908654794,-5.361297243947945,4.716454648135679,0.801567029959789,4.0
684,4.955402570517789,4.82158714496593,4.836799827302187,1.5765927172222103,4.000000000000001
685,4.99159096187574,-5.137907088225723,-3.7541745484830114,0.6101906703753657,-4.000000000000001
686,-0.3960425216563772,0.014469770623081857,-6.0161098522112315,0.7211138049084691,3.533949646070574e-17
687,-5.170848543744389,6.265328835628658,3.337913376482849,1.591686346437129,1.766974823035287e-17
688,-0.8881158628772443,4.099425804605151,-4.321558492799483,0.055065559989440516,4.0
689,3.2620763894235445,-2.089777972703467,3.0158215686903365,0.8263518476363636,6.080878199586282e-17
690,5.2997389053403765,-3.381694000963051,-4.83126027099987,0.9957207847974747,1.4135798584282297e-16
691,-6.090172040709837,-2.770729085775379,1.5644225836750687,1.3574354113246283,-2.8271597168564594e-16
692,-0.7249225827151777,3.3193396649983686,-5.843389009798169,1.5282965064181502,-1.4135798584282297e-16
693,-4.863650967409863,4.32296822780043,-4.200783240732276,1.3964725033559329,4.0
694,-1.964311647007066,2.821645284043859,-0.8448171359967702,1.2651846616123872,-4.0
695,-4.465882437441279,-1.5847207307280096,-1.8641285452928669,0.6237648138603074,-4.0
696,-2.8736399751112454,5.4110547030732015,-6.257632705610004,0.961496958844819,1.4135798584282297e-16
697,5.2526175553395955,-2.870433980418285,1.147072092475514,1.1815763964527954,1.4135798584282297e-16
698,4.849311665122817,-0.20473288054308192,4.787419654450751,1.7823376838561478,3.533949646070574e-17
699,2.327158104432174,5.958186782686896,0.44290930287275376,1.334915049845663,-1.766974823035287e-17
700,4.724250012763784,-0.157134528377191,1.9526377698030952,0.012150151930835351,-4.417437057588218e-17
701,4.340458859154635,1.5657021060996978,3.890456385322077,1.1108665317450295,1.766974823035287e-17
702,-3.97598322552147,-0.2809170385854207,2.1386834129142347,0.0038191797441711195,4.0
703,4.097867843181987,-5.744387391680163,-2.7333599161740225,1.3109055762494974,-4.0
704,-0.40934036465701507,4.112156535683395,-4.877624239408511,0.5882684802567957,2.8271597168564594e-16
705,2.589960515764183,1.8702335264210976,0.7451088667335899,1.5710061587757145,-6.626155586382327e-17
706,-1.1405083504352964,3.9107781443264553,2.1710926466693614,0.606205703378351,-4.0
707,-5.867405954074789,2.0119999337799257,-5.451116845217935,1.8199914915848732,4.240739575284689e-16
708,-5.877269887773403,-6.0538564351977815,3.0477566835134695,1.2045099266114658,-7.012681328921296e-17
709,4.552011682716076,5.287342081172129,4.694090663581802,1.9442538139019523,-7.067899292141149e-17
710,-0.5986640958257796,2.369289231811546,-4.305736933009504,0.2972544056702231,-4.0
711,-0.30117133009625174,-1.2638401671107502,-1.2887277475804622,0.5046303590453423,-4.0
712,3.7908241831884943,-4.574071828308826,-5.0292044041539,1.602657627799493,2.8271597168564594e-16
713,3.1861686570185714,3.0475065031263746,-2.9805849284555883,0.92371789448582,9.642436827266782e-17
714,-0.8465960281755596,1.9202183370310024,-1.0772533737933134,0.7071652185819934,-4.0
715,-5.100638377855098,0.3414056894357209,-3.269009909432801,1.1721388250476128,-4.638308910467629e-17
716,-2.7315895801465255,-3.9414315321484414,2.6520598853400763,0.008130026834973103,-1.341796506242421e-16
717,-4.671729055662441,0.38469266137377645,-3.412462763416816,1.683530351486642,0.0
718,-6.196475559557717,4.451101308381508,-4.896415647300793,1.1851138085931305,-1.4135798584282297e-16
719,5.901415017099833,2.2181937381974333,2.5049462170349717,1.9309009373658732,-4.000000000000001
720,0.1835799767049684,-2.8669586887069904,1.1341274162517871,0.9209645761988665,-4.240739575284689e-16
721,-0.017457080319592144,-5.51289243014904,-0.9896736489633122,0.27182509408785793,1.4135798584282297e-16
722,-1.532994191344856,2.651408186300751,-1.3395904126272358,1.3287107250329266,-4.000000000000001
723,6.122854920707422,6.08845338256716,4.359849584841266,1.4265735188992528,5.300924469105861e-17
724,-0.8507595091122946,3.457257650180912,-2.5541413549402554,1.9435382361394944,-1.1485336349729365e-16
725,1.7873173884810978,-4.811735335295907,2.4814443233589785,0.4909075924081563,4.0
726,-3.9648477031070013,-0.0911024108629972,-3.4197403000111883,0.09379896419979983,-5.742668174864683e-17
727,-0.15303054345719858,-3.6493580119814277,-4.3421514950171405,1.7979168360541136,0.0
728,5.337674268531243,5.214302375116162,4.57957883752203,0.39711563608276346,4.0
729,-5.213028894598068,2.7769436842362705,5.689735590934664,1.427303070172315,-1.4135798584282297e-16
730,-6.090350062067325,-3.8848556425497107,2.2536668921977103,1.791353838804118,-4.0
731,-1.9758374081764805,-4.998800826228231,-2.1643491054753703,0.967880862071222,4.000000000000001
732,-2.0901335024756253,4.27457292056436,-3.152622698263639,0.7740015941368301,-1.1927080055488187e-16
733,3.1232730868434686,3.830508734785054,0.9820754450647726,1.2857082916413474,-6.184411880623505e-17
734,3.5372723850221455,2.218510433808815,2.3270375531376857,0.6186602460045767,-8.834874115176436e-18
735,-6.067908219017912,1.0815439526599482,3.1463708999328848,1.3490011868759593,-1.6797045577276606e-16
736,-6.046891366766554,6.032485603461485,-4.617869338620804,1.958766053315209,-7.951386703658792e-17
737,-6.085030506195821,-2.4646821695834524,-5.8098863475765885,1.4438726476726467,7.067899292141149e-17
738,-0.2577848579369837,-3.7920110614428486,5.235366179965084,1.0835942405608612,-7.067899292141149e-17
739,2.736921237514295,-4.107456804990106,-2.175269034616205,0.18280617736723692,6.626155586382327e-17
740,-2.4315768080063793,-3.413838511480758,2.106877886155008,0.965640440945692,8.834874115176436e-18
741,0.6714326611633386,-3.538165606673247,1.0499620733948918,0.6295864536377185,-2.8271597168564594e-16
742,3.008260138768394,0.33135237803493034,-4.19463387513247,1.9066562079851797,4.240739575284689e-16
743,-4.675904180307322,-6.189792559643163,-3.057999059901555,0.883150392555069,-2.4295903816735198e-17
744,1.0939055815932832,4.837423745424941,2.790722447743889,1.4123754792748957,4.0
745,0.03678329698166394,-5.488333192310218,5.503642730376875,0.4857435840351805,4.0
746,1.3702976255951391,5.9738629098273,4.948929195185162,1.6491286656020099,-7.067899292141149e-17
747,-1.57820446040727,5.523780009447014,-6.06846074316406,1.3626208875412524,0.0
748,-4.700317463826693,6.021301811207337,5.308597628260639,0.42285287848519904,-1.4135798584282297e-16
749,1.809616274988132,4.7424032544927215,5.375462131039489,0.11235998967589245,4.0
750,6.130099770808632,-3.4082821115380217,-3.9110119281620492,0.595325659004087,-2.8271597168564594e-16
751,-5.37324401655783,-2.3709777213615832,-0.053719801205273754,0.5637133853776573,-1.4135798584282297e-16
752,-0.4827534812179932,-4.497350320596013,2.6064434526481257,1.5117534307314564,-4.0
753,-5.303770251149122,1.7553224717652078,-2.0172671523348384,0.1678358380398095,-4.0
754,-3.631411319106741,1.3270656623853956,1.3800351424730035,0.656790985346742,-1.4135798584282297e-16
755,-0.22647196226264388,-6.2202715127397425,3.7216368512815325,1.0542795137210532,-5.4941873403753455e-17
756,-4.945385822073337,4.368135821955123,1.6521235949132524,1.9359440287969503,-4.0
757,-1.2113476107453636,-1.3866393993096686,-0.2042443156917617,1.1101670312141454,4.240739575284689e-16
758,-1.3581032084344438,-3.2749273485273753,-0.23622306189543174,1.6047294829287648,-7.067899292141149e-17
759,-2.146916042419833,2.7713136799584372,3.4571924897206703,1.6875442386142256,1.3252311172764653e-17
760,-4.362665843940359,3.6592486009704306,-4.5012614905445965,0.54994159328672,0.0
761,0.45728063917548933,0.026067247115260095,-0.735880539196546,0.47598912005025684,-5.300924469105861e-17
762,-2.1943204752981993,5.807183406420043,-4.852463771036702,1.4577047517331183,2.8271597168564594e-16
763,-1.768335046726948,1.2981067138279379,-2.463289035997908,0.1019869522527308,-4.0
764,3.6598635403120596,4.909593348119936,-3.77034290701044,1.500616614125571,2.959682828584106e-16
765,-5.258040388135127,-6.0031475114486685,6.102210090210054,1.4440994793243884,3.533949646070574e-17
766,5.291936751648263,-1.199339907130871,4.4294406655477765,0.4034157945573733,-4.0
767,2.6496454003358068,1.4375941096479012,-5.413732268004576,0.3192859800911858,7.067899292141149e-17
768,-5.308894327215715,-3.0335934019835644,3.5362054556664013,1.19768647980404,-4.417437057588218e-17
769,-3.248694072875594,3.5252684102906073,-5.602791032682005,1.3642286289360668,-1.8994979347629337e-16
770,4.0062344635486795,-3.557632104917129,-3.753276485542097,1.9427171815596636,-7.730514850779382e-18
771,-2.186595982542867,-1.2493643849763911,-6.262503211971641,1.962905095047822,1.4135798584282297e-16
772,4.7733313408635425,4.891933051725015,-4.858413249868215,1.801918719781836,-4.0
773,4.010817708368958,-0.29644910258135404,-4.118225396420061,1.437380109966007,-2.473764752249402e-16
774,-2.0742487548347537,-3.738096315206945,4.803555225666232,1.2650706532982312,3.3572521637670453e-16
775,3.1205997813065114,4.012783294307972,2.024220874917411,0.5630595249808961,1.3473183025644065e-16
776,3.499790938263965,-0.9262697143520668,1.5368557195372219,0.1723515743964883,1.7669748230352872e-16
777,-2.027183585853244,4.444365238709764,4.648429146355559,1.747242832308859,-4.0
778,-5.5674645670443095,5.510091669163577,-4.674798633952084,1.8844957081294262,4.0
779,-2.7567812456603322,-4.912507388438359,-2.603278697840218,0.9950354244216042,-2.8271597168564594e-16
780,-1.2305878987050463,-1.4787718013670714,-4.640585887298225,1.6949891638527483,-4.0
781,-2.4920441085890643,1.664273107262951,4.154377202925362,1.1062238691054056,1.766974823035287e-17
782,1.2186071661949107,4.197891020390449,-0.07039264646745469,0.29831284105739586,-7.067899292141149e-17
783,-5.9019237446807855,-3.10568581895397,1.5067946676690482,1.972431479081332,4.947529504498804e-16
784,-5.131372516705003,3.1428547430919327,0.14680380378308566,1.6901488007008123,-3.533949646070574e-17
785,-3.633088840870378,2.4565453842837925,-1.2824446205540934,1.7210190874220765,8.834874115176436e-18
786,2.46988168401629,-2.4939534025458596,6.14486666743718,0.6193546794460523,-4.0
787,-1.4790583894675295,-2.2577060562265103,-3.963929036890987,1.497597658733402,0.0
788,5.67099657926666,5.194206940402536,-5.569458873596901,1.9800383998025732,-4.000000000000001
789,4.9212404842121416,-2.9653109530418145,2.139419692955169,1.632798261305298,7.067899292141149e-17
790,3.6873670112310304,6.156249318506964,-2.6171049139651754,0.016080124153172504,-4.0
791,-6.116935902736151,4.55644947055824,-0.06368288173876469,0.12073950953295887,-3.533949646070574e-17
792,4.975997786920047,0.7102272815743804,-5.888608944084726,1.4179217980797891,-7.067899292141149e-17
793,-3.0946817663822626,-4.724904260435795,3.019845161605602,1.1846462669171542,4.638308910467629e-17
794,-0.999135871715108,5.159595276124957,1.1898139195062836,1.725889439424106,-4.0
795,2.702295367076836,4.20239969586839,-0.6610474456189053,0.0434487785602824,-4.0
796,-4.155582528358858,-2.1411607387495577,-4.464404103576136,0.043656417166009875,-4.0
797,2.9296643009613685,0.37455557784827853,-6.138888314416186,0.40830584261033054,-2.396459603741608e-16
798,-4.634288883612531,-5.395118378070327,6.080414128156235,1.7829921310059278,2.1203697876423444e-16
799,0.6703391783294927,-1.0905163435427427,-0.4315005807706349,1.0017535330625282,4.0
800,1.6014239112250364,5.276243875999818,-5.659106965944096,1.6479794864591288,-1.4135798584282297e-16
801,0.9811734615236745,2.99914102984412,-1.9463835082479761,1.839487830101636,-5.300924469105861e-17
802,1.5943724914545703,2.859725657659693,-2.430263309298268,1.1089058087950403,3.533949646070574e-17
803,5.183272785795042,2.5551057456979844,-0.20938600260739726,0.3263311637563653,-2.8271597168564594e-16
804,-2.8992621319987397,2.0308718737492484,2.6904131568359446,0.2669403135922124,-2.1976749361501382e-16
805,-4.88029305642511,4.6669571343166165,1.9479347095760442,0.7389775816448068,-4.000000000000001
806,5.434620942448351,-3.111078252264402,-2.5826054633763746,1.9588805856146552,2.6504622345529306e-17
807,-5.725014088295817,-6.2552825846550455,4.893288307433901,1.8442995655818353,-1.4135798584282297e-16
808,-3.0805542225643365,-1.6765640925352816,3.7590510684875085,1.989999183309704,2.208718528794109e-17
809,-2.887420303220017,0.4199497062309909,-5.078940673321069,0.06405086670336502,-2.2087185287941088e-16
810,1.0576361639722593,-6.0273711306546245,1.7489949303683385,1.3327008411698802,4.0
811,-4.527813411660626,-4.0908885178522745,-4.448286597798291,0.13602682262672117,4.0
812,-5.222026731487964,-4.295584460557594,3.951854967493775,0.8120286296323749,-4.0
813,4.106126121076118,-2.7038167260653196,-4.3748837546461194,0.5732691590198811,-7.067899292141149e-17
814,-2.536871473314271,-2.268205052765671,-2.3127529567627976,1.0844241870160163,8.834874115176436e-17
815,4.607780127754847,1.4438280393660587,-3.482467354665907,0.03780045833881385,4.0
816,4.47119007646851,-1.7728178279179891,-4.153869205885014,0.7204992413819882,4.0
817,-1.2083820296795187,4.5965402213125195,-3.4167733408854133,0.09638114804815645,7.067899292141149e-17
818,1.0401925696185899,-4.987918307177744,-2.024265628470279,1.2470387088318184,-4.0
819,-5.849596629820005,2.4566136040118938,-2.9921469306418493,1.7065843076664429,2.297067269945873e-16
820,-1.277216146132484,-3.4631351834226853,2.847651091978028,1.082366841035142,-4.417437057588218e-17
821,-2.0890615716317145,-3.7538903486941377,5.622969904199088,0.010129605264771468,-4.0
822,-2.2207903173460437,-5.070032912258493,5.7441820351540525,0.4955427758861015,-3.1805546814635167e-16
823,-3.477629053387847,3.100512831047851,5.806384638070208,0.436216344531386,-1.4135798584282297e-16
824,-2.4712461024343675,-4.742705005456886,-6.243974468366468,0.6097565856190175,7.067899292141149e-17
825,-0.5957786190504626,1.0407666590284723,1.6117101191017298,1.2832389854914577,4.0
826,-2.1631089271768396,-4.569220079977731,2.2057478805444717,1.7389118786507802,-3.533949646070574e-17
827,-2.1713941253514832,-0.2663387955620147,-3.42508665565964,1.6847618488547886,-4.0
828,0.27244081943217147,5.9634426293126594,-0.9105987710566641,0.7412944990053301,1.0601848938211722e-16
829,5.293644312397523,-0.9314514947276686,-3.050627553733101,0.46881329454565157,9.966842361183417e-17
830,4.219821140973963,-2.7842392436779453,2.3288260733541915,1.1588558659695536,4.417437057588218e-17
831,4.424298477427659,-2.7900451256032044,-5.921571248378223,0.16267799377247916,-2.650462234552931e-16
832,5.104170405238767,-6.182982012946866,-1.8856466457426873,1.264642332878425,-4.0
833,3.9105236612754624,3.202318443149114,-0.9006588143932142,1.1764406314583145,3.8873446106776316e-16
834,0.3142180681283744,5.73424480582489,-3.458323618278601,1.5644764504090118,-9.387053747374963e-17
835,4.995432792567451,5.459866245406026,-0.6944857376653761,0.5796719043802576,-4.0
836,-1.4541670772469306,-5.508257023390289,-3.3537895090959564,0.48227657001066526,-1.1485336349729365e-16
837,-5.487818008778373,-5.6035790047162415,2.220175455554884,1.7499276050671626,-4.0
838,-5.352997090108469,-4.444580409924642,4.586530883437382,1.6141733359967485,-4.0
839,2.6604350179279823,3.290337349007851,3.0641447987857866,0.7229866557955769,-4.728038100699889e-17
840,3.3733327136496936,-2.666259787038593,3.778037558594967,0.2868968385127424,-4.141347241488954e-17
841,2.381760505915823,-3.3687296848575015,5.259079944875467,1.2337868843303041,0.0
842,-5.88621763135328,-1.0815916201033202,-2.617125490238321,1.3500255100953735,-2.297067269945873e-16
843,1.4675732706495275,1.0706475695387327,-0.6478859873580216,0.9793335197472754,2.1203697876423444e-16
844,-0.27927207564130097,3.060695646152924,5.500025798972585,0.19264958619003236,-1.4135798584282297e-16
845,-0.619453541462903,-5.013459139847857,-0.278878285261718,0.7558245679017235,0.0
846,4.7509711088243805,0.9360881713130249,-1.351076709429372,0.8999069132039461,4.0
847,-5.8406780103810165,2.095452106190109,0.1970237629631919,1.98390734995463,0.0
848,3.293975471192777,1.053215538609921,-3.5698887466826585,0.010850202221230676,-7.620078924339676e-17
849,-5.735063743054876,-5.325614323368696,-1.9615212527892698,0.09473743343780372,2.8271597168564594e-16
850,4.208578825041769,-0.24658333651880682,1.632025401462899,0.14864318061049642,2.473764752249402e-16
851,2.0649301251471393,1.8807859227852646,3.6887936418407925,0.05703876144734976,8.834874115176436e-18
852,0.13140868251169913,-2.1942964912798573,-1.8409630406101316,1.7952960308819434,4.0
853,6.273770774768122,-2.52652369180174,3.513477854072786,1.0139749541700787,-3.533949646070574e-17
854,-4.391471809986023,0.7699648873566867,-3.853496944241106,1.033903004254458,-4.000000000000001
855,-4.4825681754874305,-2.036161866507408,-2.4987113839093067,0.021599308897304992,3.003857199159988e-16
856,-0.08169995347151549,-5.098421040924686,3.301735548591008,0.5112754154187595,2.153500565574256e-17
857,3.166806803638835,0.9252663841885793,-2.7109332899767264,1.4624550525053617,1.3252311172764653e-17
858,0.7462846856210135,-2.4777656555444394,0.9115422898656504,0.6613282924044055,0.0
859,5.921939043898684,0.21922468698118625,-6.161115874455936,0.4394992982704162,0.0
860,5.133396004615417,2.370761053343948,1.3044726517658507,0.3805286610040324,-4.0
861,-0.237476341801651,-5.771270054149857,3.2645254302851505,1.1468200800678647,-1.4128896338879816e-16
862,-2.8872354920815804,-3.7013851290261184,-5.81344934544844,0.6936981246288583,4.000000000000001
863,-4.163317624235388,1.2231091221973935,5.557017085000339,1.3913627279292782,-3.1805546814635167e-16
864,0.7162238577566518,2.61336269493623,-5.69069548586052,1.6201002265156734,-7.067899292141149e-17
865,-0.8311244461419962,-3.284468056914921,3.614211937689104,0.022206118121463447,3.533949646070574e-17
866,-4.370587325728468,-5.198976386948791,6.075548010938391,1.098056375583157,2.8271597168564594e-16
867,6.234509173901245,4.978989805936122,-2.695638149326828,1.732303254061635,4.638308910467629e-17
868,-4.971927786136465,-2.1412335398704467,0.70629671076302,1.8995719739735966,4.0
869,6.009580694456082,1.5082785594544514,-5.408228990027548,1.9365192218550575,4.000000000000001
870,-3.888133981174743,5.383006299685105,-3.4365899432959464,1.7122792931141724,-1.4577542290041119e-16
871,0.39025334469710593,-4.65795123756559,-0.3436674879471271,0.557746201078507,-4.240739575284689e-16
872,-4.482039201474432,2.281645079157654,3.9448401708400294,0.9399320400913873,1.9436723053388158e-16
873,4.049890075224404,0.6639802414212186,-3.527618464923108,0.6930007338004165,4.0
874,-0.9954142493802145,2.6933028894956905,5.439872764428175,1.0759928093445519,-2.8271597168564594e-16
875,-0.8674200259072968,-2.6398290661587023,-1.5779992132097558,1.530118336682815,-4.0
876,4.781613358701335,-1.2809148543758635,2.6099195219510634,0.05172211769616153,-4.000000000000001
877,1.36498462396891,4.223130956799162,-3.100884992258937,1.7801840006549472,7.274966654215596e-17
878,0.14008623938378229,-6.094280079082778,-4.983852776817974,1.612620596461137,-1.766974823035287e-17
879,0.07036439028825914,-1.0268319732506042,3.3295445503231136,1.5823907594091309,-2.1258915839643297e-17
880,-3.259077090564685,6.10415214458625,3.5768409238988372,0.05556305041705856,2.8713340874323416e-16
881,2.5325658700090905,4.640437745659119,3.4084561482450244,0.6925065640065158,-7.067899292141149e-17
882,-4.670184834297809,-2.215663036541974,-1.2736181249609828,0.8911334536444608,-4.0
883,5.61543883501678,-1.403828581021358,0.3934042142979921,0.8634496369495526,1.4135798584282297e-16
884,-0.5004346920158582,2.171890547693369,4.070479396777474,0.6993422158453981,4.0
885,-4.10366423897252,-0.9658187607955062,4.481087734317178,1.9322071355314898,-3.533949646070574e-17
886,2.453561239808888,3.468616550796771,-4.233319367474566,0.7360936295644696,1.766974823035287e-17
887,-0.20056587761611677,2.4176139958290452,0.7307004907845789,1.57613029271639,2.473764752249402e-16
888,5.9989147745498705,3.7123313934980313,-1.1586829017948244,1.1819618556996476,-2.1203697876423444e-16
889,-1.8160401946218308,2.338919922531172,-0.14661961206490748,0.5603916599042456,-1.4135798584282297e-16
890,-1.7888578931820742,-4.953144061025544,-2.3667921876370817,1.0754330766638445,4.0
891,-0.3983231128954179,-3.7606664323173047,4.084796575098142,0.9753567033799244,-4.0
892,-1.6189008797580637,1.3035903952260304,-3.5972472628911816,1.2560974373307758,-4.0
893,2.4683860603703103,4.075604005589488,-5.9430318502899615,1.8534625006396603,1.766974823035287e-17
894,2.600474809223284,-2.9314829906092066,-4.379050181483825,0.4692599327083029,-7.951386703658792e-17
895,5.995859312720187,-5.176650474266347,-4.520152462392946,1.579415277527553,-4.0
896,0.8631716886474292,-5.239218937163934,-5.208389971040309,1.8363219261003214,-4.0
897,5.9446351687048224,-5.526950430204148,5.625633502523879,0.013657254759781523,4.0
898,-0.34084687543514036,3.989748211081432,0.33446210128011966,0.11024135363853005,1.5902773407317583e-16
899,5.92989822924938,1.5931622007607684,4.1279683706445045,0.15802999140560292,-1.0601848938211722e-16
900,3.6332519666568093,-1.244858448120632,-2.595054823113604,0.7631236105220236,4.417437057588218e-17
901,2.4387958409279555,-5.741895287827447,-5.740638663401153,0.6443142476631274,4.417437057588218e-17
902,-3.873720980496817,-2.164321467704421,5.741546229029927,1.6945299499229158,1.4135798584282297e-16
903,3.4637088254637565,2.654959434167905,4.41894535476886,0.2926267719699458,-2.297067269945873e-16
904,4.262970811713986,-2.7571378244784874,0.5448803684011301,0.40358295335761474,-2.1203697876423444e-16
905,-0.9100152044720149,4.986355302498609,-1.5921420157059716,0.26945008142403815,4.0
906,4.755340293863124,3.950239189386709,-1.0730596502586316,1.4887409736596724,-4.000000000000001
907,5.732006450104704,-1.3172281526257716,3.96291741970035,0.2231304669739973,5.300924469105861e-17
908,-2.5992021787368556,-2.014613327345594,-4.420122866244087,1.7419623567515403,-5.300924469105861e-17
909,-4.08599364529586,3.7615504010318688,-3.6569920430986733,1.478452739608438,1.236882376124701e-16
910,-6.145095455711136,-5.673462435527012,0.5979982835570361,1.4121144897479454,-4.0
911,5.69525090708593,-2.764812541407463,0.2332853748336996,1.904124943511524,0.0
912,2.656818229666184,-1.551309652502617,5.182952522615116,1.3599042641448935,-1.236882376124701e-16
913,5.149428111526154,1.0032651875225218,-4.938786440660626,1.7446806698179338,4.0
914,2.3768224361132813,-5.5729416825825755,4.8805059707292155,1.750822683293443,-8.834874115176436e-17
915,-3.694918195722446,-4.66518635581548,-5.731142511120746,1.575819277001401,4.240739575284689e-16
916,1.6606467285489899,2.0084463078772803,3.8414032976179033,1.3340885555107531,-1.3252311172764653e-17
917,-1.474622600586362,-5.7763808312859215,0.4478111211050084,1.4079399164281345,1.0601848938211722e-16
918,-2.5042317696185905,3.5753429834912467,-2.8548931882263586,1.523937194478623,3.975693351829396e-17
919,5.4189630947768315,3.5120660704569175,-5.423862829394983,0.7239558362491054,7.067899292141149e-17
920,4.166749061682836,-1.4421958376286979,-6.010292563177177,1.9340367896957273,3.8873446106776316e-16
921,2.81029508378699,-1.0268547372440295,-5.290615557903148,0.4988856789934073,8.834874115176436e-17
922,-3.9236971199117052,-2.4050133873676156,-6.19360702273044,1.01527397844546,1.4135798584282297e-16
923,-2.0078157887222385,1.5419063427004707,4.028163123606072,0.6540312864790119,4.000000000000001
924,-6.08386692167796,-1.5962538406300277,0.5191770700424891,0.21251864687324784,7.067899292141149e-17
925,-1.2933335209084778,-0.6327683330865801,2.915208393496748,0.21311733361323637,5.577014285205125e-17
926,-4.013371788290948,-3.26649900885071,-2.5675842188628457,1.3255401693229614,-7.50964299789997e-17
927,3.119430253245076,0.7616897536055163,1.2117916793891732,0.8098669524860824,8.172258556538202e-17
928,-2.3081377837478327,-2.3208391389912846,-2.9847252050010966,1.478717394795518,-2.6504622345529306e-17
929,5.708324387645442,-0.10457550420572392,-3.3678786842456763,1.602597458761305,-2.595244271333078e-17
930,-0.35988125605464916,-3.6642108640235858,-3.469523241947084,0.9544860417796399,4.0
931,-1.38525791797335,1.1273003282925416,-4.882405355795634,0.7812088907350949,-4.0
932,4.371624972866034,5.8183249537293396,0.18210890660296908,1.1234961610098062,8.834874115176436e-17
933,1.6568914563948471,-2.243414654829344,-4.289633563932479,0.5273740376033329,4.0
934,-5.102941293837393,3.336528609912701,3.161441269162209,1.0214634066806587,2.04806876705135e-16
935,0.3680770783397582,-1.2710107702567317,-6.2234462674986055,0.5866289728400804,-2.1203697876423444e-16
936,-4.309736024094113,0.7885045324656756,3.5446639966418783,1.679904106447428,4.0
937,-4.411439573334708,-1.1797200772250553,-0.13875549324402936,0.41318765419273085,1.0601848938211722e-16
938,-5.6685377288439165,-2.695113675335871,-0.17580137812274188,0.8943283508043607,0.0
939,0.5779143848923267,-2.9785988432660577,-4.402212973422419,1.0338499911272754,3.5339496460705744e-16
940,-4.526404297208655,0.6178292338545175,3.869723575922576,0.5789602646060572,4.0
941,4.37000247761047,-4.094594141522932,4.324338903110494,1.9460761524844579,-1.8553235641870515e-16
942,-5.816857326902417,6.007128636555471,-3.9819977197654426,1.8627331955696087,-1.5902773407317583e-16
943,3.6289522102671317,-5.4762647671936335,-1.0902507305948905,1.338207315134372,-1.0601848938211722e-16
944,6.097850197148798,6.037419564516981,0.1615744266617929,0.09954000159023413,4.0
945,0.4124869888071707,-1.141935664154527,3.251562999050396,1.872842788065845,2.208718528794109e-17
946,-4.2889347111562595,-4.326613447638447,2.5351888624651018,1.1006717498258314,-5.300924469105861e-17
947,-3.8099344032228313,4.066248456605271,1.5069376743993583,0.577592361493448,-2.1203697876423444e-16
948,-1.0814860311891739,1.9374942052560744,2.3523073078233256,0.9362074195495014,4.0
949,5.814813697580023,1.404129820306352,4.210731679458277,0.0032860372664829107,-1.766974823035287e-17
950,2.5169219271562593,2.69974880787103,-5.872395771010049,0.842432011503099,4.000000000000001
951,0.48989928329942867,2.06333736625621,-1.4720823433053516,1.1642646900229785,4.0
952,-2.787840352809841,-3.8082487604609248,0.41667335423391627,0.47990631964947816,-4.0
953,-3.526480267905584,-3.141526047190428,-3.022336456155618,1.3267490876552053,1.1250660006044993e-17
954,-2.2550631821393203,2.594871302839014,-1.6001251178444313,0.6743086301225858,-1.766974823035287e-17
955,0.8830470225645097,2.7780947752087695,5.426941847448729,1.6372168840896477,-2.8271597168564594e-16
956,-3.175112554481491,-5.29881210036534,-2.942475700785457,0.5019552083116812,-2.8713340874323413e-17
957,5.764302274414483,-4.875484325716782,3.9698006523907274,0.9477048378426811,2.1645441582182266e-16
958,1.789126934457352,-2.9788359569901344,-2.4957895897621505,0.4660132494064897,2.2087185287941088e-16
959,2.0195987375955227,5.951793729823704,-1.8223705007339888,1.2034310083972044,-2.1203697876423444e-16
960,2.209447900190032,1.6825380885638541,-1.6153781997626604,1.7376246293931712,4.0
961,1.7844521962668534,3.540505624872205,-5.694110224032078,0.16363654009687711,2.1203697876423444e-16
962,1.6675510829887479,-0.5420161454645989,-3.8740805774527716,0.2626745153285144,-1.9436723053388158e-16
963,-0.6380400297391979,-5.46479061533506,-1.2231842560054949,0.9184166310223494,4.0
964,-5.789809053842683,4.171713754788829,3.599899412048421,1.6010666896251218,-4.0
965,-5.018523611569698,-4.260766664553181,-4.039746397465532,0.3557482728296828,4.0
966,4.043438602185722,-3.132998345145536,1.828391124980353,0.16854604901230652,7.951386703658792e-17
967,-3.5954806153584284,-4.509222843616078,5.880257869497106,1.48202757314832,1.0601848938211722e-16
968,2.68040978597473,1.6045642713303065,-2.6482142174232077,1.9327294226078953,-7.288771145020559e-17
969,1.1968168436164026,0.5800380174875714,5.955024385210809,0.391857747850878,-7.067899292141149e-17
970,5.571860319310332,4.467692978007685,1.5840428418849095,1.1761585826761536,4.0
971,-1.4403523814660577,2.4241023365056282,6.257389062989141,0.7795755868794154,1.4135798584282297e-16
972,3.7288645968041916,-2.9329915724621842,-6.058153986483664,1.5004673371134358,4.000000000000001
973,0.6762790051807697,-1.6349010121341294,-5.26303461524519,0.28262002502002703,4.0
974,5.845652273605378,-0.16063599524423466,-3.3925427942685187,0.41049206450302345,6.722787022017068e-17
975,-0.6605626421496851,1.7405543006576938,-3.1315104545230588,1.182223724338829,1.6786260818835226e-16
976,2.1235535358544357,-4.758997277832157,1.8210003758138171,1.0644266217886755,4.0
977,-4.484721948676664,4.21637579160125,-5.750810780727355,0.4849380841262285,4.000000000000001
978,5.820378270688861,-1.1652452715844372,1.909825636624948,0.07528488198075545,-1.7669748230352872e-16
979,-2.354353839612302,1.8196302857724191,-2.4767629306556196,0.9280212584055476,1.766974823035287e-17
980,1.2861316880464067,5.940527694347464,-5.8809118684147235,1.0156665713191377,3.533949646070574e-17
981,4.904914740434089,0.2526761650080287,5.88207618689732,0.9046541700745574,-2.650462234552931e-16
982,-1.7699094951611203,3.9007212531940443,3.2021343227618058,1.8869336076790566,-8.614002262297024e-17
983,-2.688024855467376,0.25448411494108925,-0.24299028698191716,1.3113861788185943,-7.730514850779381e-17
984,5.731268543403186,3.8849239416148844,1.1092925788889891,1.6944114483027264,4.000000000000001
985,-4.70888148381362,5.6095529662292964,3.6495038379034614,1.1176641317238984,-4.0
986,-2.922202128464947,-2.84250427877799,3.197329979127252,0.15666445358904624,8.793460642761546e-17
987,-5.355740614646754,-2.903779036470799,-4.374936580585593,0.8944274232642695,-4.000000000000001
988,-2.801539567885773,0.6144065385004849,-1.3141599605315548,0.5997772693076591,1.4135798584282297e-16
989,-3.053324650197509,-6.254603769818067,1.7974440560643696,0.3011598997225422,-1.024293217728268e-16
990,-5.3452012237794095,-5.949942863985433,-5.031448214801738,1.866037292760765,-7.067899292141149e-17
991,-1.5304330575709164,-5.667792361187274,5.53909635840337,1.7093195795254978,1.0601848938211722e-16
992,-1.5214841259940775,-3.4460853641920792,5.213272067958885,1.3983047754054676,-4.0
993,-2.6941831510520955,-6.164284161282855,-4.608655654588729,0.1723598983889476,2.5400263081132254e-16
994,-1.5361158033044653,0.6604397503907009,2.332537751922514,0.0792436466004367,-8.834874115176436e-17
995,-2.76108484587504,6.1869550914318125,5.1580993648094715,0.35526089543515726,2.7056801977727833e-17
996,1.624453076973329,3.798330483279866,-1.7167274864042712,0.9848387095162947,-4.0
997,3.8037174853838813,-3.7378980609457484,-6.01391831973335,0.7542994767390414,-4.0
998,-3.4515580469457805,-2.9990373029241915,-1.7341780481179905,1.8155743666476634,1.501928599579994e-16
999,4.992302840196668,1.8253398751886731,0.7360302895406976,0.5930550258207175,-4.000000000000001
